-- phpMyAdmin SQL Dump
-- version 5.0.3
-- https://www.phpmyadmin.net/
--
-- Hôte : 127.0.0.1
-- Généré le : jeu. 12 jan. 2023 à 12:14
-- Version du serveur :  10.4.14-MariaDB
-- Version de PHP : 7.4.11

SET SQL_MODE = "NO_AUTO_VALUE_ON_ZERO";
START TRANSACTION;
SET time_zone = "+00:00";


/*!40101 SET @OLD_CHARACTER_SET_CLIENT=@@CHARACTER_SET_CLIENT */;
/*!40101 SET @OLD_CHARACTER_SET_RESULTS=@@CHARACTER_SET_RESULTS */;
/*!40101 SET @OLD_COLLATION_CONNECTION=@@COLLATION_CONNECTION */;
/*!40101 SET NAMES utf8mb4 */;

--
-- Base de données : `test`
--

-- --------------------------------------------------------

--
-- Structure de la table `articles`
--

CREATE TABLE `articles` (
  `id` int(11) NOT NULL,
  `name` varchar(70) NOT NULL,
  `price` double NOT NULL,
  `img` blob NOT NULL
) ENGINE=InnoDB DEFAULT CHARSET=utf8mb4;

--
-- Déchargement des données de la table `articles`
--

INSERT INTO `articles` (`id`, `name`, `price`, `img`) VALUES
(1, 'GUERLAIN', 199.99, 0xffd8ffe000104a46494600010100000100010000ffdb0084000a07081512151812121518191518191918181c1818191a181819191a191a191518181c212e251c1e2b1f181a2638262b2f313535351a243b403b343f2e343534010c0c0c100f101f12121f352c252c343431343f343434343434343134343434343434343534343434343434343434343434343434343434343434343434343434ffc000110800e100e103012200021101031101ffc4001b00010002030101000000000000000000000005060203040107ffc4004810000201020303080607050702070000000102000311041221053141061322325161719152627281a1b114234292b2c1d10733a2c2e153637382d3f0f1a3d224343543445493ffc4001801010101010100000000000000000000000001020304ffc400271101010002010303030501000000000000000102113103122132415104226113718191a1c1ffda000c03010002110311003f00fb344440444404444044440444e5c5629698b9d49dc389fd077c0d95ebaa29672001c4c8c6daad534a2ba7a478f848ada387154f395dfa23eca939175bd947da63600b1f75ae6f2d85a65d4102c8068071fe935235a45e2131cedd0c997d673f25133aed5e821a8eb7ca2e723370df26455234b1131ab5091632a29fb13964d8ba9cdf34e82d752cfde41072f1d3e32c7570f53428c47f9d81f8ef91fb2362a61eb35451a65000ec249bebe52ceb52e3745fc15c14cd74173670381d1bdc47e779d984c6ad4dda371077ff00598925351d5e23d13c08eeeee12b0ca1aa3d5c3d425af6742f7171e8dcf41bc2ddf799a6973890bb2b6bf3879ba832bf0be84f711dbfef43a49a91089ecf207b13c9ec044440444404444044440444404444044440d756a050598d80173e0242f30d57eb6a680ea0762f01fef8ceadaee0e4a4580e71b5bf155b1207bed31db1b49282853d66d001d9da658b1cb8ec2e64d04ecda5b469e1281ab543045ca0e452c4662141b0ef2359e61310320277f64edc4540aa58ded6d6dbe5a557b68536a8c0d2c454a6a403d10496b8b8eb9d37f0026181d9d551894c5d563d950165fbbfa192bb570d442667b25b71b81eeef95ed99b4a92d42b9adb80246875ee331b6a4dc69db75f129572fd2111481aa21b836dd6208ddda7b66a09892b99712ec7bd16de59749dfb6b6952cf52933056e8d9f8860010bda3c78c87d93b70d370ace4ae6d4124823c25da6abbf626d1aacd91ea0721c23800d8e60d622e381520fba75d2e4aa53c4b62933877d1ba472dbd91a13de6f33a7b5f0c5ee8140355546e176b3dcdb7f096c520eb35bd1509b530df579add253981fb4a47da53dbf3dd3bf65e2f9d40c6d98745adbae388ee3bc78cd3b5b0d52a2914c81a5ac6e2fefb48ed82af4ea1475650ca0588d33af10db8dd6fe5329ecb34444211110111101111011110111101111011110111102276cecf6ab91d0a874cd9730bf5ad7b6bdc27cef95d4f1eaa9591543842d5518972ad9b2a84619432900b7574d37cfacce7c56152aa94a8a194820dfbf7eb2cab2be65fb3ce5062ab354a78c55c8a9995d415258b0016d6b30b5cdf85b8df4bc73cd503296720db28b2f0f4ac2f2176aecb7c30094698e6b40197adc6eadc74e1db732736256a74a92abd54ced7243380c6e7a22c4df75a2ada8ec762a8ab64ad77702f6e683db70b1775ca0ea34bde7355a9448d30ec476b261556de1663f0919ca3b9a4ab4310949ead73518864bae8aa09b836dc4e9bef2c94f0b826a612a5447d3567a9a93c4def33dd37a5b353682c3e1293be6ad4ed6d1150a901378040a4a80dc93bc6feeb9cf68becca2c9f48268e7be462ab96e2d705d03053a8eb113bf0fc9fd9f4abfd229ba2310a0aad45c872008ba5fd1005bfac82fdad525af86a74f0e54b1aa090857ab95b5ee19b2ea23bbe524df88b060b93f85755ab8765a885c3860e5d4b00406054db731f39d7ca7db15705871569d26aa73aab0552c510deef9575205879ca17ecc6854c29a6b55593353370741ad5ad6cde1756f033e9aac6a35ae6c0eb94e87dfe534553b6472caae2d91693a306a811db98a805325588b8671762405b70cc0cb2ec7389aa52b575e6c58f40819ac6f6bdb71dc48e1bb5df25970c81b38550c7426c331f13ef3e737c8cbd888808888088880888808888088880888808888089e440f670d7da088fcd9ebe52faded941b5ee01e3c2774e3c661d5812cb7d3b4fca07156da45d0645167ba82c5948e04db2dfe539f69bb61e93542a97005ca2dd8f85c6a67b8ed9d4c2df2fc6d6ed24dbb2fefb4a556c75546c89a2dc684d526c0f486a4d9bd11c6fa0bd81e5967ed1d71c7ddcbb536950c6054c553775462cabcde5b13c7a045e71d5c1ecf553930a41f591bf3632c380a8f5082c2f724f44badd387b3505f5433b313a28215753c5df5ddd106f70faee33cf7bbe5dbedf85536361b0275fa3283db95bf96e64affe1693ad5a28a9512f918a56216e0a9b065b6e63e73b696d3aa058252de2c596a5ada7418e6e8b9d6c3bc6fd333118e77be64a7bc7d9acb6dd747e91b39b1ca38e65eeccf3f26ff06070c6a67c7814daa0172c5589b220195508b0e8d8696efdf2c5b036c0a8ba26961b942ee1c409536c73add42017f5ab0b0b0e8905ac1f53a7679cb15036a3ce0be6f16208e06dbf5b1f29db1ea6a7973cb0dacdcf11a9461dbaa9fce74488d88a1e92b9bdcdefa900d988b91a764979da5966e38d9aba7b1112a11110111101111011110111101111013c9ec40f27b1103c9ab13d53e136cd55c5d481d864bc2c47ed0b653a81a71ddefe90d35f32b3e758eb076d46ff00b4574ddd7e975fd03e33e858dc52643675d06bd2dde20377eeed23b27cf71ed7736ddc2ec48e1d1639f5ee6fb245f4eb4f3e5ea76c2784a6c801b4b8d48df945cfadd3e8d7efff0062471fd5de35d2e6dadbec919f47d3ad38b621efdf61ab1e97a8fd3eb7afff00024b1e7a2756d45b7b5cfaa7a7fc5335af757d2d7372bc474ad97d9aa0b75cf06ef99556517d40b747a45495dfd0a9d3e931e0ddfe79a29bfda1a5ae6e40bdba0e338cdbf46e1ddc365626da336808172c4adefd03f59d35371d2e1ddc32da36a804f0f025743e8b9beafdff00f32d3448fa39d7e573de75363a0b8e19476cac547d6d73d9a93617fb27a66fdc7fe059a9d4b61f56de389d7dfd2dfa6be0b1f259c26b92ff00f974f17fc6d25a45f26d08c3a03bfa47dc59889293d5d3f4c7973f556511136c9111011110111101111011110111101113c8033c9c3b436a51c381ceb8527aabbd9adbf2a8d4f96938363ed77c5333ad3c941740cc6eeedc6ca345502dadcdefc2c64dcde96636cdfb253198c4a2b99cf70005d893b8003799c856ad61d263494fd9520b91eb3ee5f01e7346d8a62a2321b806c41048208d4302388328b85ab8f4a8d470ec2a65de4e997da2c6c266e7abc3be1d0eec77b5d719b113302aa86f6195cf99b9b9278991adb470eb51b0f5a91561d4caaef9c0decab6b91dfc6447d3b1745af88a449b7d90720b8b1b3ae9b8eb7237491c3f29e92eae45c9d4be736247022e008ee97f0d7e9658fe7f671e35293b66a750d326dd1656a607869f3122f9b553ad75cdadf2bb3af75b371f74b61e5361cef3873fe76ff4ccd8dca5a4a2e0211ea316f864139dc71beedccb39e3b6a89886ac5d851ad4ca903476cb6b6f2180d3c4498a0a807d656a7dd67576b5fb2c2fa5a585794f49c5c23fbd48fca71e236fd3b7ee89f711f2593b719eed6f3be3b513b5368e19179c1863d1d4bad1205b8ddf205f8ce1c061171079ca786082e1af751bcdc170466b1d7858d8eb3bf13b7d091d074b1be65755b7886dfe4645e1768aa1534f9f2c03056256a686f7042a83a1b686e2e0764e92e339acfe9e5671fdacf4b689c12906b82cc6e12a126981add55b7a6fef1a0d24fec8e50d1c41c97cb506f5241f261a30d651709b1ebe351bebe8b35f55a94c16161bf32f65f85edb8ee970e4cf26d70aa4b9577650ac4280b946e555ecf9cd4cb7c472cfa78e32eef959204ad6dbdab5302eac543e1db4b5ece8c3802742a46e0788b5f74efd8fb7a86287d4b82c37a1e8b8f153adbbc692ee6f4e370b26fd92f13c9ecac91110111101111011110111103c95fc7edbc9502eaa81b2df2eaed6dc19ac02e8751726da4b04a7729293b9040bad24ba8b1b9772cb7f0cb7d77836f7cb74df4e4b7554e14df1756a65239e7e9b94b5c535cbad89bdba4005edbeb693d86e5850c12ae1f99af9505ae505c9bdcb1ef2493ef98f253671a7545770859f0c8eac010c39c624a1d4decaa805ada4e7e50207637138656e3371efc66395edbe624b09cb1a18a634d12aa80acccee99511545d9893a4ece4ce38d5a9529a2d15a2814a85a99eb33313d2aa0682f94f6f8c83d8d874e6eadf725366277ee656fe5f84b7f27f6653a2859074aa1cccc77b5ae147801c3bcf6cd616e5ab5cbad31c3723a5e8b1ecf39cf536786eb2a9f100c916b4d6ef376472c73cbd912fb1291eb52a47c517f49a4f27f0dfd851fb8bfa4957a93533c9db1d66597ca30f27f0ff00d953fba26a7e4ed0fece97dd1250bcc4bc9ac7e1b99e7f28b1b0e9af55698f72cda367902c0a5bc44eb769aee3b04cea2f7e5f28fc3609e83e6a793231bbae6005fd35f458768df2c4db44d350ce8ce09b2b535ce4f7328dc77ea3436e1a090f88a6841cca08921b0dd568285d00622de2ff00d66b1f1751cbad373babcdae29e36835165aab986879a70548dc6c44f97e2363e23015a9b3062e5bead80243004021875947485cdac2fef9f6a067cf7f6ad45d168e2a9b10c8595ae495cba306cb7b0208f7df5dc25ca7bb3d1cf57b7daac185daf5172b122a536e1baaa69737ed1e23df2ca8c08046e22e3c0ca7f2630ec129d70cdd2cc8ead6b28e9f48586fcc00f0f7dedb85ea2fb2bf21372edc7a924ba6f88895cc88880888808888088881e4abe27141d6b1f45f29ff002b907e72d065039cba63c5f55aec3ce9a3fe725e1d3a7cb7f2758b7337fb385a69e4948fcd8cd1b5690d6746c14cbcc37a54597ffcc84bf9289ab6b719c73e1ebe97a9c9b1a9834f14381a2fe5a4b8ec46270d449de69a13e25413291b32a15a38c61bd70f548f72de5e3640b61e90eca69f844bd3e19fa8e6feff00f1bdccd0e66e79a1e6dcb169733599b1a6b30e91899e19e9989996e3534c6d3269e48d3931ef6426746cb396951f5aaebf75cfe53876b9e8490c00fa9c3ff88bf85c7e718f29d4f4ac8b293fb537ff00c191db9bf21f9cbaaca2fed39aeb429fa6cc3c9a999bcb879ba5eb897c062453c2e63b83bfe371f94b2e13a89ecafc84a3ed4a99304beb555fe2aae3f3977c0feed3d85f909a93ed89d69f75bf9744444ae244440444404444044440f27cf68aebb447f7d7ff00a54c5e7d0a514259f18be959bc8a8fc8f9495d3a7eecb61b12b86bef538943fe5736f84f36b8df30d80daa29deb5f13fc4a8e3e0e26edb037ce59f0f4f4afdc87d9c2f4b183b70f53e29697bd9c2d4698f517f08945d8baa62876d07fc265fb083ead3d91f211d3e0fa8e479a1e6f79a1e6dc716a69accdad35991d635998999b4c1a46e306983199319adcc8b11fb50f4649e0bf7543db5f9348ada47a264be087d550f6d7f0b498fa8ea7a627c4a1fed0c035b0287ed547f89a63e644be0941fda16b8bd9cbdb55bf1d19d2f0f3f4fd51b394097c3d15fef10ff00d55ffbe5f307d44f657e42527682e65c3a9edff45bf3976c27513d95f909b67a9c7f35be2221c488880888808888088881e4a6d0a77af57d74a83ee8523f11972955c3001ee7ed5664fbf455adfc3256f0bada0b62573f48443c5ddbcf0d853fcd2536c8df20f0085368a763a2b0f06c2d14f9d232736d719cb2e2bd78733f643ec01a627fc16f94bee1ba89ecafc84a2f2706b881fdcb7e52f585ea27b2bf21274b867ea7d43cd0f37bcd2d3a3962d2d3033634d6d23a46b69ade6c69a5a46e306335b19eb19813234e0c7ee326703fbba3edafe1690b8de326b03fbba3ed8fc2d263c9d4f4c4f26e940e5e1be3f662ff0078c7f8e97e92fc9ba507971ffa96ceeee75bee80c3f0ceb7879ba7e32fed215a9dcd33e8843f0a2865c709d44f657e42558adf32fa0507dec4b2fca98968c17eed3d85f909af7633be23a22221cc88880888808888088881e4a6fd216c841e90c52b5bb954d36f75ee25ca50e8ec9fac4a8a4ddb9c06fd5019aa542c7c1940f7c3786bcb5e2285b6851b7556981e395eb25bf0f94efdb037cd78aa59b1095436e74e8fab51935f007f14dfb6859499cb29cbd385dd886e4d0e9623fc17977c09fab4f657e4252b92da9ae7fb96972d92d7a14cfa8bf293a7c1f51eabfc36bcd0f37bcd0f3ab946a69a98cd8d353198aeb18b4d2e66d63343991a8d2e6604cc9a6b2665b71e27593583ea52f6c7e1690f564ce11ba1487ae4f903fac63ca753889d4dd299ca2a06a6d2c29e094aa1fbc187e52e34db4951db988298e0c14d930acf7b685af532a03c5b43a4eb7d9e7c3d57f96fa55d473a58dae2830ef0a4d563fc665ab67feea9fb0bf844a7d7d9cb52b02c4f401416d01bde9d8f7e54437f5a5b76535e8523db4d0ff089abcb9e7c47644443991110111101111011110121b05861901e246624137f0b6eb586b26644ecf7e832fa2b6f81815eaf479ce66a05ccd4aae5203652155ef9c7a42c82ebefde049ada583cea448da232b9b8b8ce4dbbc13623be7562cbb2b1472a378d4e9dc578f9f9cce58bb639713e11b83c0f3095deff00fb2df2264c725eb07c251706e0a091147e90a4e67e710d859726726fa580ddadaf73bb789a1769d7a56148aa52524b034f38d78a94374d6e7a4b6d77cce334de77bbdd6e65334ba190b87db78961993e8d507a85ee3b8daf699bf28710bffc4561dd5d07c184d6d9932fc7f691743d934b536ec9c2bcac6fb58561e15691fcc4f4f2bc0df85a9ee6a27f9e4f0dcb94f6ff005d2d4dbb26a6a6dd9349e58aff00f56afdea3fea4d4fcb1ecc1bfbead01fce64f0b32cbe3fd8daf49bb26b6a0dd939db96350f5704bfe6c4d31f000ce3adcb2aebabd0c2d35ed7af52c3bcb0a769352b5dd97c7fb1d55b0ce4c91a375a987a677b0aadf7540fce57711ca1c43db20046bfb8a25948208079caaca0d8ea6dc06e9a30787c72b8c556aaf7032a9039dc818107a014258df5cac6d65df131b2a659cb8f2fa2d0532a4947e91b46a139ac9929adcf4485019d957b998a93dc47099e0462ea0fded6637201751454f784504b0f1cb2c1b1f6253c31670a33b6858eac145c85cc753a9663dec7dfb9e5cae531df9674b6682e2a9636b2d96c2c2cb63736b9d7b6776ce5b524038220f25101b2a7c26583fdda7b23e536e36edd111122111101111011110111103c954466a6f89657565cae7283d242a86c08efb5e5ae53b68f2732f3b8aa55183b66675bf4581be64b7036d258b123cd8ceded1f9cec4a62695eb37b47e73ad65a8c28d301ee06bff13b1d01de01f1179cc9d68c662b21545b167365049034b5c9b02788906c7c2a13728b7edb58f98d66b7c2a9e2df7dbf5993562a8ccd94b2824853a682f6d66a7c5d916a65eb1416ec35195753dd9a34bbae7a9b390fdb71e0c3f35339df63a7a753ef0fd2751c5dd9d065051957a4d6b9640fa587634c6b626ce69f4465457259ac3a4cca00d3d43af788ed8d77572aec941b9dff0080fcd66c18503edbfdca3ff64cfe92084205c3bf36083a5c1604f78ba99b488ed8775739c32fa6fee7cbf82d351d9f4890cc99986a19ddea30f02e4da6743141c9dc05c85b91770a6c59476660c2fddde26552ae5566ca4e524586ac6c01361c4ebba5d4375d5875171a0dfd8277a919addd23b0b88563d13c6c7b41d7461c0e8676a9facf14fcc432e855b6e169e99ecc4c888ec51256d7ca2fa933b707d44f647ca47be079c2c598850c401e1c6486105914760b79690ae888891088880888808888088881e4aa61e8d1a62ad42ee19ee5f3d47c809b9d12f95753c05f776096b91f8cc067bd88b30b156d57c4767942e3af74750c52937b6fd7ce7725613868ecbab4ba8aa4762b116f05365f84e815eaaf5a937b803f8668bf86f471986b33c4e1d5cab1366437520f85c7c04e14c782eaacb96fe929125b28f57cbfac88e61854bb1b825ef9b70de2dc3bbe7350c0a85442e4aa30602e0662a6eb98ef201b1d2db84eebaf6aff00bf7c175ed5f87eb039530c159d95ec5d831b65d2c8a96d41f4663f454ced50b0259150dedb94b93e79fe13ab9c5f497e1facc4d54f493e1fac7957054c202a8a2a11919581badc84bd9751dfbe7b5285d594542090406ba92b71bc683513b39e4f493e1facc4d64ed4f87eb2f91c6b854508ab60a8b9175b909602d73c745d7ba1296537cc3af9f78d34416fe1f8ceb6aa9eafc3f59a99d3d4f2feb1e4614b0e818358661a5c1e072ef1c4f440bf60b4ec0c338d7ec91f113451cac6c32f97e866650ab82728500dcd8f1b002e4f8c83acb8ed98f383be6a38846dce4f728bfe10669c4abb2914d3a47733ee1df6249f846873e331296c8d7bb12459ac4ebc2dac93c2f5574b69c77ce1c0ecf75b677361f6549b1f1dde5692b22e5ae23d8888648888088880888808888088881e4444a34e2374a9e2b798888ae6335b444d456037cc8444d45834d6d3d8946b33d33c8906fa3ba77ecaeb88899a8b82ee99444c32f227b101111011110111103fffd9);
INSERT INTO `articles` (`id`, `name`, `price`, `img`) VALUES
(2, 'MUGLER -\r\n\r\nALIEN GODDESS', 780, 0xffd8ffe000104a46494600010101004800480000ffdb0043000604040504040605050506060607090e0909080809120d0d0a0e1512161615121414171a211c17181f1914141d271d1f2223252525161c292c28242b21242524ffdb00430106060609080911090911241814182424242424242424242424242424242424242424242424242424242424242424242424242424242424242424242424242424ffc200110801c201c203012200021101031101ffc4001b00010002030101000000000000000000000004030502060107ffc400190101000301010000000000000000000000000201030405ffda000c03010002100310000001faa000000000000000000007314e9dc4f666e2c00000000000000000000000000000000000000a29ce71f3f35cbb627395cf8df40c664fb300b00000000000000000000000000000000000039ce8b8dce5e5d26172ed7e779ce9f48e07a8e63a6d61e8d60000000000000000000000000000000000000e2bb5e3729e5303d1f1bcfa69f45f8c7d9f48e13a2c167348ee3580000000000000000000000000000000000028a5fc8e4b0f8e99fe53b0e3f1d39dfacfca7eab3862b3780b2759f4497b66160000000000000000000000000000001ad36898dc1652c951666a32858acde2699ee673ba427c7fd0f0d99d6186f28cc46f13664b1975979dc4e5655d0aab75805800000000000000000000000001ad2347876e728fb6b958cb48bbd2aaaed2e84afabc9168395c74cd235d327da47b63fb5712c9d8d24498dbca397f62cad22160000000000000000000000006bb6b4c6eb7d59ca3e460c9226fcae6729e4f4852ed649c4e40d2fa634aa7fb46d71b225dc7427dcc5bead21ed9afa4cb6ab7488580000000000000000000000021e0f271729f2bd2c4e5e12eb727c975128c5aba0c5c250a1e6396ce5d6d96d1a46caf7be558bba14d8df954c9575562f2381bace72dcbf52bf7a8d2d956546b0000000000000000000000000d31199e5b396528e4b5e6db3189f3732b2f9d974f76caef28cb817f276ea65e2e0db31132fb5c60c6bf171963ac9fa19bbf97f6afa59f88cf6d9d836800000000000000000000000045e53abe5b87a2e911a4f3e92ecd2ddb28fccf51cb42791b6bb61794e0fbce13a33cfc9c7e56af27e595ce3e79ef91487a9d5755b4672ae76372369e3bb000000000000000000000000087cbf4dccf9fd164a8b270d26dd45fbe7572fd47390b996e974253794ea715d19d391c267a12c957ed738dbafba92bc7928e945d4653a7218e9f6c90f439c0000000000000000000000020735d1f35e7f4d92a249c273af8f7ed9e981cf61a177dda498dfbeed2f7873b928b37295da7bacaacd7dd2d2de34ad23df1b29553f1d3ccb0f4b9800000000000000000000000319cdf47cef9fd3b49892709ce911646b9b1b3e246fd9b0a78dfcd748c5b76425ed7654abeab689257ba2ebc8f6c7ce5a4ec74ebbcd0f4f940000000000000000000000031581cee0f83a2b91164e139b747bf48a9b6aa57371f90abc5c6e87cd2b095e6e925c79316aa4c6931ad77bafa691ef8f9cab990a5db3e3d3e5000000000000000000000000c460f3785e0de8911afc35997c7b7486de79b1127409d0bd23e4db4717a6634b7b44b8b55222c98abb7dd36a6945d1f39692a2c8b7463d3e5000000000000000000000000c36172f88e0de35f1efc3699653be91dad8d29506446930951bed37684593b41baca44ba8a4a872e0dadde8de368f6d1092f8f6dc7a81e9730000000000000000000000006071592c7706f0af8f6f3f44df6af271b26e372328c0b68f6139526379ae7322aebaba359455cdc74ec6965f025465ed3b531bb76abdb87603d3e5000000000000000000000000e6a1488be7f443f75d79fa666ba576bf2d84ce699e36ab6a8cef95579384ada26f71b2af6bab9b8c9f8cb572f1d372d36ad5dd49d7cd2f2ee07a7ca1600000000000000000000003908fb53e77546abdab9fa2669aea948cff3dd06d8e328b688ca77b57b28c8d69f4f7ca5194fc7cb8b28c09b8d938eb6e956b753eaf69d31fa0ed5d9e9f18580000000000000000000000e0f5afdf3bae353bd1cdd37a9d573ba5e5ba7d71c4d3ed19e99241deea56b47a6aafca964a8dab9e78ab22ed9eb235a4ac9c6ba1ed87d2ae8b2bd2e20900000000000000000000000f9c591a579bdb028b22e1d1bfb47abc8751c97552861a8de3e1b4ebf1b26d3358fb5c29af4aea796d6ab34cb01bd1eaeede9d9796c7cfc74f0fa4cec7e43d4e1095000000000000000000000053e61360cef33bb111ee8d9f4e9ee8b4bebb8aebea386aa9af3df39239f955590df1914baa8fb4996958f9b79f39ed7ecd76f4d94cce3e7c2bc3e8394c4e5bd4e009d0000000000000000000003cf74a7cc321124795df858db46745975192a943e9f97c9ab1d5551ee73e6e1664349b0fc8649bb1b669967721cf65211890f2b0d2a368db699e7fc8799865d5e630f98f4fcf0d2800000000000000000000155b1e9c0f95bccedc0ea9f5b515dd86a97b7c8aa5a43f2ef257edde5d9e956926b5c7ae46b38796eb2e318f9dc0eb59efb7418d429ec391ec6f2cd6631595f478834a000000000000000000000537514e6f19d5c1e5db8fc164bcf3fb21e9904b48f1e650da3f9eef32ff25c251a9c946542f2ed675a4aa6c8d48d36f2108d2aa9b79f9d9c0cdf4f25b948537bf98240000000000000000000006bb298987d073bcfa42c4cc89c1d7028b6b86f8cbb212f5ce0d9d26b70c349cee537c78c8bf43c7dd70d575db73ebc1c9ea20af171f29073dba295cd65ab3c949c3765ddcdb483af00b00000000000000000000001e4596a71dc3fda5969f1a95f5b65a70d577cb87cf74fa2aa5c04eec5a439487dbaebe7dbf7cca7c3efdaa51f93d7f5c434f8dccfac271c5e47774621600000000000000000000000000000000000000000000000000000003fffc40032100002020101070402010402020300000002010003041105122110323113335022143423240640411525441620426070ffda0008010100010502ff00ea999b6c2abb1bfa8ff789225eebb6b3caa178878b56ccc7fb556213d9f91ee9758aaae84f26db077b1763afe066e3f9e8d9f93f6b1bdcf6ddbbb8b457b9517a3b197f0e617f1f68fb9ed77bf97bba0e518d546c6bc3c4fbe5febcef73cde3b50970ccb0519eed49cda6be2bdcf257fca12f8ed7abcb02bdccaff1b4bd31e9f72c95ff00226be39fd762d327fc6d1e90e9f702b4019ed168b22cdec925f1ccfc8bfd55db3def583b47e439005edd7e4d58c25b51e413c1deb6a421337e242f7abcdc73b0f0b67d99d64b4ff95e80bc70b1865963951975647b5324a6466d8dd78c4776cd09a2857084ca4573c3d7ebb5fb7632d3023de7908d38e9532fe55598dba5465db5c0b04d7b3596eecb45106f888514139c053b19cf80cac9585516b0d7cb6670c49ba9cd38096ec7a1ac806a5760da1580a1a2db1fb2be086cf321af74e90f288f04c5942a860d7bef757947e179a980b4c7b4b7434d1690a916f758cdcd43ebf8486b81faedc726757b1bec87421e278c1e39da6fad0b41107baa9e23638fe4383e85935d49471bd657f20b56f3e9643f2afb7b1becfe2958063e74337d14cff26f51a8e133fd751a417958aac7e34e1fa276bfb48b8eb37a51e40beb7ba0c93216a268d076f62bf2aac6566d6b1c3fea5056519f8c6195906d6e03478fbcd26348e9e12bf40dcd71e826a6370a4077ae23ddb51f012d5062cdd4c55be3cd3bab1993fd454625b4ff005314c4da98d9bec59358ab6ca18cbb0a8cd1c8c1c8d883b376ee15c2168c115e3591558feb8b965563623fa096ed9470a412179405f6eaab7819d6101a61d2397b4f0b0e33cadb4f07fa6a8c783898a31006ff00b090a25f2c3655d390bc175732b67d7930316cc194ed169787781e3dd8c4f3f50122b04ef0f3597aa71e83df0b72040c8b232263e3f86bb76a5344b7fd966bc6d8b874b15668ab70ad42e8a7c43ec597b49d86eada2a78f6ab9f4f68b9f4f6945819aa626f547f6b8fd8172ec9b029d8f956baf2cdd41b2ecba8a46fd579dcc9f35e238796a7d3da6a3c5daf1e3edb5069db2e637971e09235ec391e8a1118294183cac5faf1fb4182b7f1f64feac9da67e3a186822b83503a97afa7271939e47319ea3ec393e93ee3060f23e8a3a54531b88d8bc1b6f6c71c5ef930bb55d43eb7271c7317b7b0e57a3060c1e47d34af82eca63702db01e3da39bfb0b1be470bb55dc7d7e4e38e627b165fa314183c8ba6a5f018a57c1edda77eba86c2cac65ba30a55dd7afc9c71cc4f62ccf4a28307917482f8044a299e1e5c311d1d7da14abbaf5f93851cc3efec39be945060f23e91e001349a415bd5ae2c7914a7b8fe47270a3987dfd873ba2283079174e9f009a7202dd5a7c972294c1fc8e4e14730fabd873ba7fcc183c8ba7ff807fe9a4ed171872983f93c9c71cc3ebf61ceecf90c1e4fa5f428f798d8b394f9b8a8a0a646185750ad1177abb2fc9e4e38e61fabec39d1f218b93ec5d103a793ac0a1e252629689cae2fc9e4e38e61fadec39bddf218a28fb1744acb402bc9477e54f3e5c2cac901a991572b9ff639147cb13d7f61cdea2e43c947d8ba1ca3a79982b17f895cff00b1c8a3e58debfb0e6f59721e49c6e17a6e06f78d579b3ebe4458d641acd47d12a8ff00239147ca8f5bd8737d42e43c938dc2f4dcc77c6ac93b591ee001ef85d9565137b5aa550dff002138a173a7d6f61cdf55c7079271b87d0e50f43aaa75da63e4005ba39557951f4cae5aff00909c170dcd7907a9ec39aff742ee335e09cd61f414a9fccb2014fb22e79c62b4658e6b2b990ff908a0b84f9a7f3f61cdfc85dece042e6bc139ac3e82e549888ab14d66b0fbcaa6570c84e0386e2eee6bc7d8735ff287aaff00505cd78273587d25cb44e6e0cf10c55843ef29ef99eba703b1c17c5c27c3d8731ff2c7aaf7f34e6bc145dece92e42fe3af0d66bc49f1d652f8e6fadac07c0ca03e2e1bf8af61cc7fcc07f2bbad4d780c1ef6f497217c26b358ca6b287f2cdf57580f81395be2fb1bf88747b0653fe655d77754d782282f8ddd24e6bc7c95cdf09be137d4d66b31dfcf37d56e01702701f12e8b1fc29e357b064bfe5d3d763f94d7827026474946e0170e4be4fb72c67fb337d52700a1380f897a24fe38df8fec191f958dd46fe4dc4f903995d89c6e05a7a2c939f64e7da3856332d6637a99deb37c45f250bf19b985c713d82f7fc8c587d4dc4f8eb2a2e197d8df1d6038288a78ca056991fc4b5e38deae77aedf14f927171c49b3f8e17b05beb62fa4e389f172a7f1cd2e0dcd78d39150c2beab6698d07eb09dbc2dd6633d2cda1ebff9e4a637cb1d4d9bf83ec07d5470c58e2ea295399fd994de95971de9acb4b8eb35e34171da2ff7aefacd627367f1319b2ff03fbf7d8a0f0c06e6b35f920d50ad26d1284537a01fcb7a6fcb6ce28e0b95bd26d1f59551f7d6273679699063bb6ecafc2fefcfa6c5f16f4d9c453581c4f828ee1459b9236d8451ef4145afca7ce181b684d45bca0194bf2c2c636a732529ac4e621e97de1fbf657e2ff7f6fa6c49ac8e1b3f5535198d8eef970aac875b89c7c944a691c734830abdf1a2e6e7d31ba9e983a381f13bd34f65fe3ff7f7fa079ef7732cdfc2d0c986cd7a5fb4100eaec887705cd22512894d235348d705065c1baf1f36dc7b1bc4da157d324fc64a7d9ba99816f96bfefeef496056736bd7e0aaac9d472b22fcb746ccb6c54d5c4b96934886251a8d4d235c128118231c7c0aaeafea963d9e32084477d6a8d6ac01dc0fefeef48384cc1af2ab555d8c45925afdacbdfd108f785baa796a9aa7040dc1a6f8e8c8854db1ad26f0a9e4ad456038ac52c42512a94a40ca62d3f5c46d1b263fb012de570b518ee4b8abbd0d4f78f788cc6c49d590707675ce2d919516c9ce5071b6cd717fbe5186dd385b336adb3ff1ec828ffa6dc2d87b841b310bfa094742198f6f96b23558d17f90f4023aabdc1f6062895f896522ec40b24c280f28ee2044c842b58f599f2d256e0384e58e3ee94c9c7239c143f14deaa63e4ee5d7e5502f15df9c54501407b11dac66582b679f24095a8a52f1b5af3f0ea13da149bfbd44fbd4c1da34283b5b1947b5f161ed4c773fd8d116d2a27fb3c750f69e2d837fd726cc453bee98186564a0f74516bffe09ffc400281100020104010303040300000000000000010002113110400321122013324151225004144271ffda0008010301013f01fc501d1b8db8df15eacf6a183765b51050cae91d36045b598a30506a98fd35689460780d7a606407e7522063fc44b03e99ae481a51a97b0be9bd8d0a034e8f5445a3465a5c364e2391e0198e9a5c564e238f9f10cfdba5c56c16294f8867edd2e2b60a1979067edd2e3b60a12d5ae06032b6942de07154230195b4b8ede06d8ba117c0656d2859166897e3218dd2109d28590d195d1e11f72460e946cc71c9743468d18fb921a744e946c8c720ea101ed68d1a7df829d28d91895c203da1ed8b469f7e4a7445918f90d1f48278fa5da27dd92cafa23e12583fd9ab12ccb529bd5952882caecafa0189ea9931280808c10d195a882f21657d181a14750c0357b83df17d48bde1ee0ca851479255b2746247cb1a5834e8c80fabd8cfa31357b500318b2146640b69c79087f9051cafae53c9544e8fac5f511fb2427989fc47ffc400281100020103040202030003010000000000010002110331104021321241045113221420305071ffda0008010201013f01ff00703bc94f941a1aa0eea678d00e1b58dd5cc6901c30ceea720cdb7863200a0d76f2b9f481e5c96584e18c6818f2914e431b9f7b5f2aa05527e90cb4a22a9e1aa36838089354e5ab5645c8d06ca44a0d5ffd4c3da6a9e3973a08d525e7da09d94c80397f2c5fcc8b8f9452411c3e543cb58a6e7d3e4f936c83b2f93942196830cf4f5a48b64fedb2f93d90c59a18e191e525f5a49b3df65f27b218b710c1f697d0d24d9efb2f91d90c59b0d2897d0d24d9efb2bfdb40c98694641381a16d771b2bfdb409639d649c685b7d86caf76ff08e51a4938d0b0edb2bbdb58a32d43c25961052c73b2b9d9396ac1284552cbab13a0ceca7d93a5bc251a5597543ed08d8cf3adb3c1497c9f26ad7f4d03146c67ef5183a54b53a03faeb0638d8cd1a1c1404c90748e35830c6c0b2c20324e1116506107c5a31ad5a232dbea3605907c8062244d4be5a1420a4d1209e62f9fdb1fd8b6faec0b72358a078c9333ed05e535455a14d504a6ad88532c71b1b91239098cab528a22e1f4117981ab7281fcc5372547f2551e556d40cb2814d94ac893fca3ed3f181f6ff002458d911656aaff2847c7013f101f6c7e3c423fe3fffc40040100001020205080707030304030000000001000211032112317120225010514104816172321391302352928242b162a134334314932473c153606370a2e1ffda0008010100063f02ff008a0ddf776f6f389ab0d80a749df247625aeaa48310a20c41cedfc7927cc7da7505fc9675e5e50437a9a0174e8bcf1286eee3e4ccea7d27567573cec09dbc4cdaa70fa0add87fd61103ac2909ae3d6143afce9505af30413ee523fc6344d93f0ccca19d24cbe3a093b54a925c04c0dea9d1bbcde70ce8dbb44b96e30ad182964f5eb8abb36e896753c67465da250d512a4f4868674c219ce571d12c722a4f486897d3085d9c605c23a900d95585ea54c3105a744b1f4bbe6a574820a5b35652a9d9f256c0e6ead35e1a98cddc1cb3d6d411985f57639dad7672d90826546e56535023684d74aeb36886b0a5cd70ab24531d7a20e146b4496647355d8681f0a83cc590b5643a9d59aa9553776c4fa8af3de5f1b54c30c88d057c82b78200649882100e6d52222085e982ff009e8ed0d0d8103bd4085599414406e536d5e5e4a84da550733ec594495e532e29ce7c3294050d0a8a06b510d89d65007481cddf33a22a911b95b10ab05582839b4a8ca2541c23cf32952d3e262a31a0590d1026854b9c5436230f853b53b2b47bcef9945434462e6dca872a55607826869aa208c76a04e65e29c883b55c9c49dab5a2e4f3b4a69e4a2bde77cd413b490d3186801310399a2ab35ca2e6d9b5411683131a02934c4c141141cdb905ef3be68b05e8e9b688da845102d1a220c61993cc74392f2a49bc8419318f96eda5cd40d7653640d0509751b0272ae555a2e86c4e27acaa1166a469ca0694e281b6c2aa9dabde3f344c116a8a8a25ca26dd69cd658e19512b28855287726d30517c88b4ea5e5bf2bd26dcc5da3845a724f2516d2d555e18fe453a66ede6c8775e4bd9590944760e1635e68e055110751504e6ba220e82739845345051963ada9caafd298ed657bc7e6a83b156d95565280b5476acaa022e9872a1ef1e0bb2dd377eca4c6979b7bd0330d676b2a894d3c1365b58d8da68b33140d8540c5d2b61d4a341b97953b83a95fdcee0c79f5caa0afed37b706ffb3bd368e05427b1d2b9c62def4e732603b54c7b04f19510590342027b66d1ae495d5aa2d4d954d6ad6c2840904e59b04535ed31075a159aeadc985cbcb13fd8abf34038d2065475aa8c8bdfb1ad112782cb98ddd19ce97fff0015732dfbcbfd5314000c1a82ca72ece50ad30ec5498b8d2e398cc990c0f6d8e71ff4591bccb3d2652bf2257b2bf219ec2fcd238289de0514c6a2adfc80e6fa44b828c3ec550c11e8a74c6cbad00a7832e23b4ac48f8629955958973939d3a15263abb68d6a807b9755112e0d275b4a2c97fc597ee9a564cfdd3d8544eddbb8aa1fbbaca9d21a3a2b2aaccf51840a88b33139400c2fe8943490b7c9276b7fd556e92dda4fa5b1c0fc46fcc4713fa250d24276a7c7ee1346b30fba3f480dc13311cc4713ba250c12266ba16e927d533e49cfd6704cc4ecd0ee894dbb04b99e972266389ec5a4b70ccc4ecd0eb8a6dd81ca61f51030ccc473171c4eb8a6dd820aafa23866623988623714dbb09c33311cc4dc46e4dbb144d18266686e31768c9201e6a82d23e95e74e9ccf7551bcbbda55fb471a76a869999a1b8c61ca634de142a01760999a05d8c68dbc164c89a551bb7795f8df7559dbbc020e78813b34ccc43310bb18c50365b826626e62e18c687d4eb6c5fac02a7793c17e4cc5face3c0607e265f98b8784409567d48b88b020e02dd685696da7ea409a09d2ec4cbf3170c634cc76c29cd3b506ea4c86bc07133a598b87856c6e563bb97c5dcadfb21a4e26f48662377854ab7c4178cc4ed07c0b1598b86687f0411f0c23e09cc5350c23c218ca176619dd2d0700434f51754ab1cac3e084532e1986774970c43141434047083cd152fa2330cee9946ec42ed3d62b6772f87b97c3dcab11dda023878e893d019866f4ca79e48e16dd828692a24b45e50617b694446cd0d470bb96893d119866748a9a51c2dbb452bf405f159426702baefee4d776aea35a740c4474046ec335bcb449e8e617de54c3cf136ef042e185cdd6344abb30944eb386080e43c207e9185a9e3994ce3980dda1b7e91a2b15161a2016c568ef56856856b5462d5d66ab5aad6a60f8aa854a88d2cbd4cbd0bce6075c8e4a943497d81115acb547e11b3c4a8feb6c3ad4659a76281102366869e6ab422085c7304ce8954001482a0d693705da6f0f0d60a60aa6ecdc91456422a1e256089068f49b0aed0c4385bc9641ed1bc973d45320d6ba5960a0a71a9529b3303ee5480a5546820144d50c85aa001aa0f5545c6a044ec1478b04e74e7d531828c97d6e60a05a6f00a21a5f109b1b6aa78e7981d76832befa93a53e5d7a63a8a84bddd41e21116414068a5c02b6372a1b33b9512a6772a243d7e839532cf7aa587bd52c2b6854156ab6f82c998de2164167051765d31828b7bb5276602142d51792bab185876aa267feaa06b3aafc4d6dab2258f7dcb29f287bebf5b776afcc96389593bd4a77bcb25d2cab257d953d97d965ba50e0b2f78923dd5f972bd9554ef4c8f457ebcb374b217e61e2d8a876ed2393151080a21051aa142af1500e8ccfa55b139860546517bdba8bac51731d5758a5796f0eed2c70505d60a318f040b98437693e087b292366b59759b0544e82f5210141b5651ae46c0aaca96d6cbdae2aab471d798ec5101d2ddea6a35a587d3a965483debcc64cba0a12d87fa654497fb057ee7b055933d82bf73d82bf77fa657eeff004cab26fb055937d8564df60afddf60aca6cd27fc6a3258f61f8b24c1512e63f841646ef57eeab4e06ac6cd6835ac0d0360ff00c0bfffc4002a100002010205040203010101010000000001001121314171516110b1a1815091f0c1d120e1f16070ffda0008010100013f21ff00ca43f5e03066a50cb0b458235db740c602410687db051a014aff00b8b4458c5a45595a3162950b3873c99fa01f6a42a018b5ec27227b232a2fd042749d377b1ba10edaab67b4a9541f5dd0811834ee1f4681a211521d1408b7f69a3c24bb7fad02512a1000b9411628b04c69aa2a8ac67f28f66114e1f91e080462c62488a26548b1544fe83170b07d60b581eceb5a9f53c411104c3a4cf2a49b865350427e855ed07b388fa81efc1ab51d70fd69745992701d53b37b1f3802a82110c4e1460041230826fc19ec0dd8fdeeaf6e1156f148db04e02ad820d734f0044969c7d7474180c4e418852130cc2cf540ff0083894342bd5a93ac9b4a240888186e448e850194892754384cd2e27fc64d2056ed6d922360c7c0547766c82b21267c551ac51224c7f8e21e01043513ea813250936acb011c98a8b6f2964c42692e93448a0f024c0356009c9219fd414ccc0f279301763b150eee2564f3f41868c426e6723142f011461a84f01121068c40e1ad67e59178bd39004401a492e65c82917788a8ddda92019a66e12b96647582d728bbf8904862918d8e61a23b8ea8edc26c136382280a46cc863813848cc3a82136096b7e9c389984b753154b5a6f6420c8f4872b409e70b756a071c601380a9040206486846108f8225243d900301051d2814388008469b1f816e3497a65b3e38240890d679ba88364041d930404e09955a668b04d91d02899b7df02cdf0893d7d25c425814a939bbc766ae50a9ba62816a18a081580c8a2218094094b04b531c90e890dc097e9ef6ad5503ba0e4274860641b6a821314d0a51ee1080bdca3216404cb042223d25f4812518c96000cc891ab24151746dbb5c07ce07244a1c1d5817993aa72800aceecbb88109c1818bd5a4848cbb8108c17dab49154002bc6ad25bab6448349146a1a145b634f0bfb4b6349c12f0b63d253c091b623e11468f50599fc88b1fb40e29bc124d250a440c264d551fe36711402801b23851a84f8a31e808c81630c1d808e7a289900a3f0340e204d302d6c63d7b4897241d99b8d6261abc003494d451008235d91a48a01690c8a75181f843d21b802e528cc77036ea9518344c831e434a08caffaf440c382084789ee9e98e85df8051232d3c203668a30ef23ab9963234fc252647834ff00b9a20109a49450909589b356486201472096c0601d815c9ab92200425f4f127b5ac9dd12a8b5bddb2287bb2f54294b7cb02549bd38f12c4903801123db00dcb56d2ae4f97e21ddde157c603b96867b5a8fca0d6508828d7d1118c10410da79b0e77e5a2e45e319665f740b0803cc8361936f0ce3c708f883f30d3286262e48b2270923a09604138550e0113f83284885865830bd2a24979400222bab9c1115241a20b6a2c48e8019aa2dc07e490dde0452353835aa1900ea6021582c4a86c0514d59a9b24e4c48f6801002756446f01346e7667aa7dc9fd7a31479a19fac528484d9ee0da1873a2a484ea3fd338881a06449f81220b636298a715732ee89d235610f502093a94801044a1c663b4cb36d2ecb14404c62c644bab266a896fe8666114ed291a824491ff1170517bdb8d6ae0079fedc5af17e5b8bf052b1ac011fcb18561146664889e4b1f454d78911f294a001d031d100c04243f486eb640a2084ee344cde528cc7fa63718063341a665e001fb42042001190467c2c746212210b14c98368c7a2746922e62fd468f69cc4be9707c1008fff007214f87e51164b81d174e30fe177fe88fe41fcac1facd188fb22852a08ecc2a1c8fe8be791ca45cd19653e1f41d3fa56787a2bd98fe3b5c1fbcd18183442a9c258ef0fe0d3f4d5288302447e785c1b135d27447f09255c9e88bbdd53e7c1fbad38e07052c6809314f065a7f51990aa3021c124d9f6ba23992497c3e88a8fab2781f1c1faad10486a87632773e600739680cf37a1e9c9f21fc7e8bbbfc26fca6cd1fbcd102324d078451211bcd4cff0de4bd1a0b3c4b876fe8ac334842fc49167ba7448f81c00b26ce0866049000c4b0a858e2ddc3a167834f815636f45d470c7981a275647a22a3872189090cd65e007bb1f17c80f909daa39520b384148a94000b0101bdcc6594d3492ec3e8ba07f1c71e7166fe47a3d9b294873dbdc299e723051402c1bcb6ff6215191f45dfbaf1c7892544baba3d9a68c0982c92f46501270d767f59a7c082e49b23a23490c12d886059e42f53e8beeeffc20d92a25d5d1ec9284a7f886559086b09bf974105097238cdf4563eefc71e23068343e7a3da709c51a6add2afe54fe105b6c889fa8372cff00ea69204cefcce325050524b838f450a8cbd4f1253700d0687dd1b5970a80efa3cc21d4702016869090156c44a20bf4c84a0031a32940f2c197c04927828c9fa22b7638db93668390ec93a7192b6ad07744551189403ac002588922272374e000425419bf06790a89a994ebecebe8aa46c454b4126d8e03536326c60068e80e03feea662f9328822e4a63360c83d782d3599aa588bf49f4454f636da91bff0000dcdac9b136391609007249b0fca37ca11d9b20a56cd39323d78680e03a3851f5abe8a83b0e89d094667f020a8668d3936b8848f3027244751764fca01b13e520222c06082950138f375e03a136404aac12dc75f45f6da27cc48ec26950d9c93bb8a78138a627ab414ce0c2ac8c21bb38bd13d51ca53b27e01b07a1f084741c51d79a48ae9356736c6cd8ca5c76d999105cd54145fb32927957e64c3f8db2a3362ca4e4ba87a02cff004592a3ca539c828acd67e71a2a60ef5da2445b0d5105209bb079643493c2416f9133ac222d0e6def2d5c5ac69f1cbe564cb294ad7a5e87e7e9cf9998d9ab39274ed594a321364f0e61065c820413bd01d1359210450b357e6531f3fe1a8c5c3023525c84a4bf78f4272e55b66c66d56441690bdd385543824069447ec1035e7c008848087200255c9fced2f3576600939b4c2141d05a04252beb1e86a7f497e17115bf81263c0720dd32cb794a76962a27418666228a5580194afc45f23ad6a78e5d04f3e07bb74a4fa1aa2fde5eca13ad49df8a74e345926730c448240c253f401cc3dd9689f0fc3260a33c01304420301c32208c5bb2643ba50a26b418e419d4f139f430a4daf590dc21d9364e521f04a8969a4a634e8f08814d537fe1b020ed6ac06c25a8dc4f66e6addca291c408c12344a735d4fa0b8d87a92e7458026b298499b259bb0fe5a823ff0026029aeec20e77a3872321157c8091215baa9402716881d52a12e6676105ddb7d0f57a0a0fb9a9665a9757025306039411ddb4c03f68b498da60989a1f9a44aaa77513fdec7fa13deedfd9095ef991a3a88c26c08dc20a2928041a66fc9982ab6b268169d6f4149f7f442e488816430899ea522975d30231d06e526262f6874424c41e42142a50113c050209a10acb3631b84e61ae7614cf5c52349d1351268895c25850d2a6c092ce10d324a4e9027e80e09a7412825e82609484cc93324d11021d50bb8a256f29c82280bf03f6e24dc2200042a9bff820f00aa8451a2405827ba3824ae851c2c1639f6ddf1e8499f068183053205437364d360d7b507a00901c4d8cc168c5ec888a62cd9a4c5b6607f498332ed44e25163c840ea82461c447f8b604f21684c4f16c90233110de763228a2526b62295328180601e8c7e60003e50f6f43d686ccc9a9b612687e11d7b98b759169aa0742940a0186b402740ee90d9af00d85cae24245c78613816fe0fe90b0bab6da1f1c517021700264b0377db4487ad1353538facb1271fd22be42babbc7d004ad888435265414a201cd24766a1c216c4881c1ca633ab281395200167016483dd3de1cfeaea03189fc26d86c86ade6a5a00f19254c7c6ad41f0ba4f13599eafd099fc4836011ad549cd85308c8f709725a8101eac311916b8590a0abb424b5d32225b96d41233d9344645cfa13004834295621dabc832c0c48c1844670831c642698a6342067c48876798a2ab71c3cec020cb09b317150775af520614c2ae30d90071368a8a33d8002121b4f6a7820a1a3661324d907363011c681e312c016f000fa21301b04d386022059f218345154fe4d5073b4fa86a0409c4fc3038114068f6648bf6d18b0e049780e11541421f210954fcde0d0c2f8315d354aab9a6399f70c820f21a7f825480ee20a3f4e6666d18f52800801d27ff04fffda000c03010002000300000010f3cf3cf3cf3cf3cf3cf33d7cf3cf3cf3cf3cf3cf3cf3cf3cf3cf3cf3cf3cf3e2c357cf3cf3cf3cf3cf3cf3cf3cf3cf3cf3cf3cf3c3bc424f3cf3cf3cf3cf3cf3cf3cf3cf3cf3cf3cf3cf024fe53cf3cf3cf3cf3cf3cf3cf3cf3cf3cf3cf3cf245048da67cf3cf3cf3cf3cf3cf3cf3cf3cf3cf3ce8777f6b3fb6836f3cf3cf3cf3cf3cf3cf3cf3cf3cab3011ab927fab4754f3cf3cf3cf3cf3cf3cf3cf3cf3a6f104b05b4d694f57cf3cf3cf3cf3cf3cf3cf3cf3805cb3e7a29a05a7401f3cf3cf3cf3cf3cf3cf3cf3cf2f09685f8a07ce74ef7cf3cf3cf3cf3cf3cf3cf3cf3cc10c8aa4b054bfa0fbf3cf3cf3cf3cf3cf3cf3cf3cf1fcaa76686a30c5e38fcf3cf3cf3cf3cf3cf3cf3cf3ca25bbf4686aaeb056af3cf3cf3cf3cf3cf3cf3cf3cf3e36376d4f826d9ff003bcf3cf3cf3cf3cf3cf3cf3cf3ca4940422c20c630e78f3cf3cf3cf3cf3cf3cf3cf3cf315b5863b7566e56fabcf3cf3cf3cf3cf3cf3cf3cf3c29463a79955a445d29f3cf3cf3cf3cf3cf3cf3cf3cf36aaa26d0fb5fb86273cf3cf3cf3cf3cf3cf3cf3cf385c2b91a185f7214b2bdbcf3cf3cf3cf3cf3cf3cf3ca16acc139d2eabf0edcbdf3cf3cf3cf3cf3cf3cf3cf28d428ff00efe0bcfd6ff42fcf3cf3cf3cf3cf3cf3cf3ca00940b4ee3940df641a2f3cf3cf3cf3cf3cf3cf3cf2ae65ed734df60c2662bbfcf3cf3cf3cf3cf3cf3cf3cf6cf9e11dc7514de1c10bf3cf3cf3cf3cf3cf3cf3cf2dc854acd63f54a84521efcf3cf3cf3cf3cf3cf3cf3cb3467d5092b1908441e7df3cf3cf3cf3cf3cf3cf3cf2e1caa4c8afdaef88eb4b3cf3cf3cf3cf3cf3cf3cf3cf3ef4d8ddf4d775dc23fcf3cf3cf3cf3cf3cf3cf3cf3cf3cf3cf3cf3cf3cf3cf3cf3cf3cf3cf3ffc4001f1101010101010101010100030000000000010011213140104151305061ffda0008010301013f10ff009417c913dfac3f91910c24473ea30f1b8c43bbf57a87939e4fa4378465fc88e84913df9f7f653989decb36557b6c20e1b1efcae2587207f65e4f3f05b0fe484cb0e93cf8fdec8ace7cb38c30d83db1b6d8e2fc7e251ac985ef6278908f93dd9b8373273b903eb099c2c1bf114c2ca07fb2338c530f65bc41e207d64c6a28e7c43a7f0dfd5b0752f30bb3fd861177f17bc26fee62060c167583f27e36deafee52eecf91075b231f88f2b0efed9a637b00b1ebfbf4f9b7fdc73f91eb7a7f3cdeff001d92763979d84b1fe4bd6f4fe79bd3e2f0b3923663f82a732c561071d8f4590975f178437f038924457604763cec7bfc072f2fc4388f221e2f1676c18391f16441c8f1f88b8872032e0479f8d47f10bb1f819f7e13823cfd2e364b3fec73c8c42117b3efc230439b67361bb4393fda72d819c980eb247dbda7c2788720e325106ecb1c190c2d9ec11eb0ebe025c10965dd90c65bfe599d97385fe90d2a3d0fc5e4f7f83d4682c2e193877f00c8c97464d3fd276cf196b7e03d97564697f5b07b1feb01eb7fe93fef1fc5886ec89edb67af85dc8b10796de287f436a3a9e35bfdf0a7b0ac9cc8bbf11bcb731251dc83fe4fec9fc5cb32dfb915817bd2ebbff4ff00ffc40021110101010101010101000203010000000001001121314041105161305071a1ffda0008010201013f10ff0095420787d7b84cf3238ff3686fd59393b68996a3eb10746cf3b1c47d2a076718430d9ef728d83c3f3e3c8a648608e8d838594ace63f1a23d3e35c36d06f6cfe788f61c8797721c7c82b4211d969bf13e40064c4b6d18ee5b1c1fc63e4f0bf32f1f11fcbf07b6a7218e1803b1c4c14eaa10fab0e1edfecb767c5ba827ecfe3db571b9e6ff00300cb6d76c39479cb83b13bfbf1372588991083f6f24ff00103724023c5f921e4ee7e2f29cb92ccfe3ff008c09b843c5bc95e5f177fcd72472eee84b76be431bc9cf8f932e5e210e7485bb789ade64a7c7c71fc9bf4591ab843e6300eff1e1fe590423c7f0dcfc57a47b0e4746e2012d0ec8fcbcff00bce3e2ed5bdcb725a3710f085192ef27cdb5eae4c7c2ba96463e30ec10945d9fbb465ede4c3f0beaf4db7b4fb2e5ae7f0b6bc6dd9da5e0f85773eff3d8bac4d7973753f3f8f25e0f85f6059f93cad76fca1eefeddb67225cbc3e067edd586c33f90872ddf2cedee59ccb259a5e3f0786d2bf9ecf20fa87227a403d930cd09f06798629efc1786709f53d9079ce9ff569929105e88dda0e672c448603e0f0c6816c217591bf2ffc5a7847f45fe02e5d21f0726e3dbf1212760641d4b26f091f48bf37a727c02ee3e47f8a0b679742e0c3e14bda9df4846300fd9ce30fb6ff007dc4d90d78fe68c30ffa7fffc4002a100100020201030402020301010100000001110021314151617191a181b150c1f0d140e110f16020ffda0008010100013f10ff00e4d609a9d8206c203ed8d72d54b1b37a1eaf04ef546ff0720f23cd3f299a879d2f2fa74d03c12d83b248ca3024e4909ce9698c3821280878cc1d82bf4411efa1e3241d7cd29cfe4c552cab8c54f9edf0e1f071d569944087794533b3227bb27de69e3c1070e508f1a2ce389f9c342fce1f9a7e49af2414c6e173ec50a01829ddad2bc1f54583a227a36171bcd6e8de3401c3ea7d53f24d60556077207dd2441808ae69494a8e000ef561a9994330408765a215db8a18a0239890243ed573f9274f8bb304a767fd05823dab98c4c404093a6163bd1c4e50e06c84a92a3a33de01327ae58ac18cbcc75a52ba83f93058480f4b4528a0f0243c64ce39a92190d144ea55c5c81d0a23eb566fd7eafc8167fe1723e90e3eea4e0e2684cd87f8f8b2d7003ecaa7be1f6a2b687ef7f98e94fc6f164b25402107060e262705364e4632719812462499c946a8079c0b2de183c32e0b323b257d0bcbb01567e856d5bab7b542846c5312c21eac9274b266064aa24044608caae294c111801d4511b3f8a9b35973d8cbf4d8d9aa662801954881808dbcd9fb8192a76029904846329188af49062672aa4c930bb831e15d4bae1c7778480f83650f2601d599a639d31188a0b811093865e76959f59902c04cca90a8466810000001d0e0ada2223164900de112754b34b08ca09887631846448d4516a96044604859f4272165d55ba851643920cc67053d2c264c29d4ea7728ff00c9fc3a20005f4a09894c43ea75f89a1d3ca1ceebc90235cdcd38586d0410600311cae02b083441018e3bbcbbe3c91ec8204b38c1a2a3a0e39192ac0c424f9afe4290c22c91886648e2bf3017ab1fba3a6964e20e9bd4e6f3e2192aa46111984178b28cee511c40955949b44175ecf7f864afaa00419382e09c31a978b1446128050548882670664dd2e3f00861eb2213b2af7a408e99613c971f84357e6c935c1bcba83bf7b3f2e5704485643601aaa00955c07211a24e75c4d210d2488464d37db44f56a466375815cc1f1ed1650bad87a07ee8c74cc98c3d8755032590849739efbf8a70f84874487e8b014d37a57387b2157098d57e207381026583e0af298441089e3b76b284f9c113cd67837b89534fc471c9256780746582727b75e44e6b566a5812783f877a0d440acc06513a7ab6174a8145e4699ed14e6191a6bf0708e647cc4d06924cba12a0c39233e2a4a5438241503e09a0c120681558710ccd60404608d019f57172ed90a65598636182a158383dc81fdd02a18238a9c624fa26e3d6a8e3058d2fdc83f37123887d1a581111590f95121cbc1ee94525972a72ae7ea992d84976820b292ee6ae8fb92424e27bd8a5873e4d0cf1b8cf1702a22720484672cfc54670104541825c86387ad1589c1b48491e4c7a5236264f947b45e3f05c5c57a0d318c46800292c1d273f3526265eb3a85865c3219c8820e33e8d3a0021e0a9444973292c18923e5a990b328c93d24dfc56a0844f8e2c954a33b5ce2c49211bcae407ccd40327be28cb118aec2200a85c3328f429a60603be19f7b3a7c3ed61a911a6cef44849482426111cd25b2e07cc54215c02609e47e2c14382b7dac08ab33381d01de62846003001829afc14d9a60aa3072d71922ac018e7a60ade608689184232a678a0ad69cc80ec1838957bd0c02a092914995a4f1dae04a8122600ce1a038d94184a1e90b293de79e2b097726192371f2d200662ccf0d371a04b0c814ed31ad4d85a92539d15011176580abb80c47c91f153e00ebae7de859273b8a054b015f119ae6660d624501c243b33d4289a0528189f05642444d046413d61986104eb568821933831d5db64859654ca7f567251859279a7e0840694d98fa6df359e3c9269e0c4bd89a7ba48f0b8541210ec18a58ac0b1707197a31bb0246650649889480f25c5896922400821a000c05095a08504209772633bc1234a9799602641e732fcd4912089b7121e9f19ae9c70532b2c6aac4811cc4cca1f5df9a3434ecb01b03a4267b366019192ea72569c239421005ded9b0384253b172d014ec39aec284544b3c5584b38e83b57833c19b3b18252208cc3c314329a889dca77011666626a5c72487a086e3be0b0e7629cfc1882e3048e9510b239c6d64c740a70f5b8a6ec4c7c169afc02628aea98cc564d83829ac3793008c83a9d4f9af5dc38a5754c28eaaa534cdc4908124139427568e7504b99329e198214d0a62e44f671e4308e40f0146c1e8c86255cac9cf7a32748d042cc84824b26cf9a9e4b1322198c384670c537964414066598523de2a36a2e632a4a7d4b060798d88fbf09e28caa0444b1943f76118641ca598f4aaa0a3be4b2d74c1f2d78d87909846f3dab700a2860b987410cbc8792906092a981ec3a3dfad9465214604783c3c05390845b1989367283d1b3606ca2076ce48e3ce05774785c1120f6b23de3b852034ef7dd52b4d1804009c2430a9073b74535f814b284184e9731d1c323781b43aeec3a4e48c43d32365e59d060e99c966adb67f3e217c2b5d54d2add019f74779ad9a6921cf8413982bbd43ff8c2212939e0c28e33621a61b421d5142126221a8a495152755c1811061c6a2869a855708c2204512449355ac44e7a29d8c131133bc58a46e622657a08dbda854d49304808922747ad770969209611425e3327348280b84270407b283e2e461e7e2958b849c4f6f15450f9506636027d916c9f82bbf934f0cf7b2839987ace2b3cb2d08b18013800d1f056247272beed20baeb21eaf03d5d14979b891c5076180e0a6bf01c55a8a290d58d804984d989d0eea31ca8981d1d91d5bc9274a30baf56fbd3a424408f4568ed80d4025482e271cdca43238f85ca0d38064b9267d920f913dac00946743e406a3d93210614624369328319b88666e92253304820c72d09170702a6554002666be4c648aa9059802318396a82a9514e7d4ab8830f25f4337046f52939088653bcb8222a44d89241ce50a7ab399b0771c84cf925464f61fec2a4f903f7365896e1be0dab50801289310948338627acd33a5904e7e1d78a6bf01c56804b3c724a30f1bb181080304551a7a581001f1606ab168d74ac40d7aeea4606127b53cb54cc91d3572ac0578647eeba308076c27d9fa553232c130843de8a82211d447d6a10705709281471359ed4d28301f6bd97a50880d74b2b0a59ed829611e695f08328304c535f806b8ef3f6b929cad68ca504975cb6118dd3863ff75693691f5509be2e3aeb5243663e6a4420dd9427b87a572327e847f7ef718c82ecc4bddb20474b126388a94567cd4253756a28d86757367bd587b1fe7a535f80e2c487f26bbf2e2aab4dd7cd712dd18f87ed57ea029219cd58d43ba1dc19ef59661831c3f4d20c883e513dfeaa561f47160f6ac4838b243b59e73c45901c4d8abbae26adde6374bbafba6bf01c571e4beebf4d7bdd72d456eb5bafdab108d86e9c69b14bb6ac5cf39a6aa10b06f299e21289e05a1dd804ca9b1064483d0b2f2afde5d5ed73cdced4a6ae2bc33d6b89cdd9660ec7dda6bf01c58b2e4fd3571d8d289e6a948ab06295ea4bdf585ecfaa2e0e09b98a1826cb21825c25901ee7bd8c57c302bde0aaa118968cd620ef4a7db3701d154bad5e66add8262e09ead907b3ee9afc036219dfd1559dedcf7b337abaa12ac51f84558e760faaae14e3bf1660f52294c47cd21a3e6932114c4ec9d7dd24bdae8894e1f8229c3aa435aa8933106ae49e855897541dd9811d5026ac3aad8dcf4bfc2f5a6bf01c5f75fb5e94d51b6bc61bee453455fcee57400411f14831a9e2827157c35614ce6c42732c465dd018a1c559eb8a1f4157abf4bea564399ab0d925a81cf35e078fde9afc0715fccfad69318358aa21dead4fb5cde95f756b1f27eea60f6223b5809e6e058c83472bcc27d284ac2cf6b10052a801d55b10710103223913c9769d2e02cd5514387370377557cd9bf54d7e038ac879d7da8cb27c94c570cd4cfa54a9cf84fdd773d1f5703cd219204b876411f7b9b035ed013e8d9b2ebbf44a21e85e8e36417e1869586282840eb9854a2ab1ba90107b05531c501975adec41444839a60f8bba2ec86a1b8feeea2eec6bf01c5129e8fef43739e99b23b62bd2550997457c351531751f75ddedfaa3cc6862cad78ab26b1720c4e789aa2f7353d52ae67a21891ed871884e69a342825540d65cb44e69cbc5d3e6af44a30e2cb1e6bdd64ee2be5e0ddc4f08535f80e2ea7f245306e71676f5ab5628e66317a8a53278fb299ed1faaa4c75a0a4362153f0521da4643eeafb561884f02c7c250b6a76a1eaf951075616caebb2a4b46733113dee4bd19fbac213cddded419a0f6a8cd63bade9ed561ebfa34d7e038ab1c4c27d7fd2c418e0b39eeeebd4b8295645cc8767d9623bc0a097592820b30eab1194a41348ebcd02d164a04a41ea4c31cc1717e21b8ce7f93549ae6ac74bfe0737bd1bac9cb35f62a7708f669afc03aaf1f6fbafeae12955a7ac54129e2b1df7d4feca358695c29cb15a504c6403415718efd293043b908f4a9565b62e3c4c57e72f663d19ba5ae4fb05498180300567a18b3028f47dea995eb6243c6cbb6294feac13425b8e692a760f5a6bf00eae2a4928491038b024f5ff0094ec8bb9dae84f2fda94ec89f4ac87068a7ad31828b8950c02948c99d3ab38d98a3ae250b3111da849303131e6a8a132664d8888d9522134b224989e774c513a66ccab86a36bb7ecd48e9668b9dae5890b24637658ea2f569afc03abfc4b969921b86a88b3bba334ce1e3f5563788bc12e577e1af9b47e8b1fc0b004ec680098de64592f48543e6b040b06c5d3de10c54430d5e608b3681c1c624f883d69c08040ec044544395d7dd843ad38dcbb3cd5d66cc0abaa12cd0a61629901f4a9afc03aa5d71fbe8c29866b85d16c10ce6ec68877e2ed25a30974bf4d78a3675e28cb1d0a4990ce7359436390487cebd2912613869ed5ac209ebfd556803c87d94652673ae29746b3eb47ab1fb5d1b7422c4cfd97064e9b12cd264333543d6c00e4fa14e7f00eabc0d9f4cd53e4fd5224723de91cc3c58c7c3f54babe2e6726dfddf871fab3906f15218b2861ecd9252565948eb217627d1f7145d1f909f75a625618ddc69324b3f36099ce4e374d449ffaa30396c529cee62e727868caab8a2e6738ab30f62a910909eca73f8075762d1fc54d0cef548070ae49213bd3999016f7471e95677987b377668d19424c9c77a30cb2cf4a39464cc267cdc901770a7ee88e3ba0c8a4059124b4fba50004461058dc1ff9471303fbb22ef0d4988f42e6898172142545ebe2e04cbaa3cb0b1d6c0743cf8a1fc03aa48c6007cc6ca92b9c859a24731ab168ed0f15e7a9113f153331413cecb321346a9c08433c55c0ce1c316512ca4c70f1e84fcd9908709e1d7b4d48046a59758feec4944971898c07bd0cac8a44f062a0e647a5e83ccea24ad262699ebcae6893c5c3ccc285dd3bf17984866231570cc4b4304a89f10cfeab969d834ff3dd5e489167b5b8770af98282b3cbfdd311098a012e63a7d5148ca4e599ae033904cef77a8424f6dd2280c6f59ab24c4244f4aa230000030075b19d9132bb7daa9654a226673649e04182bd78a93195958dd0ce1e89263e2a412a483bc4d965d00b1acd45bced82bc7244b4f3339d3636ac41c95e79df84e2cf5748cf87f77bd43da9fe7e9722e21be80b2bb93a0c4c314b3396ddd5192318c55cf210f03cd8a044ae093e6e598882704cd6970939d71deec60c2461f55d5811110cb3b4c772ab204b8908f4680946c63ef9a6d69d2c29eb259052efc145a20c426d68c95706258cf4ad0a10e09c3fc6a72e49972eca58e0bfae6c12324879eb44928e6318ff00da220e90fad85a1cafa717007310ebadef8af67e01d599e4d79e200fd53905c23c9aff0075d646de222b152a1187ad20739047ade53cb39c3f1425e845f5b138c678cf1d2a932704bc6ae4310f4187bd8a44019348f8ab9ea61ed590cda75aa6b02c4644e098efe9364b0e410511867ab432972111d3f9fbaa808481cf314c4f0a0dccf2a72962648dd82e36f4928e889e25e7adc92b2eba47372a35fa34883128e9c37bd4dedfc03651b98fd7fd50b9487479437512989608d66c187f0edfdd54e67b46689d31981ce1aea0a809998cff00ed75c2e0fcff00777832e0fe6fb504a5061145f15f714924423c96187a6c39f48a9f3189fe26b6c2b0e58f7a5bac9040ba973beb65ac09ae875ab1806d2b973643265564203062a41002846fbd5467429daceca27ae88ac507299e8d933d89d4c895998e47aee1aa9b97ea535fe7b5533957ce54898f006a72ff00aaa5a56178a034d3d7451502926d6ac222659794fefe29925644c1d9fab29678b18f14c6ed38718438ab320d4c997b12d14b020c939d4351c5766875ceacf45b1b23d856c5b6e4d4ce60c44bc4b564f2002103024f58a420a408c2ccf3f14d110933889cf5ae3081263964337146c7afb58265c06e63e2883788973baf10b1eab520aaebb8c1fb6ac10cecdf3d2881a8bd0ff54a7f9ceaa22a45bdd481f412f3cbfb2bcc6ce33445831cf78a8a45605eb140d0712a1a9b8c4c2ab20621c5052c4b0ea1f4cf8a2ae11ef2eb63728719c13d726bd2c304f7238645701ea81243ae407a5663ac612a7b5cdc92b13ab1aac8d99d2059125a70aec18efdab85101c6e658c5981a03bcb82e327cf9f3faad24e6ca621589930d6665e8c9c5801743ba67d24a5548d1366bd09e8a7ea9fe7baa88b854f59548f74af81fdd4c9d4abba090f3131e69113032c711554939edba2026c53e62b899834c921351fbaef38331022f49dd658913233001cdd187126e38ff4d4ab26835afe66c633a9273aa404a41278b1a2a2ac60863ad8a41d53927fbb1e040cb1104cfdd40807b2651cfc54cccc9949b120a92c0ec3cd824cf53cd2d211b65c5350246759122ab985247731481d03d0bfcfe2a84e836722614bc656a0e094ace5880fabb5409971519932e5b04032426a6a440e9d12c8a11903ab009eb54484790992bdfc5989541c67e9abd447004e639e7a7ad412ac309187ab3e22a72898251d1e28099565c9af3720ce3cc3fcd56c505751967a79ace246532e1eb668e642723ad3e3557195241c88c7a55244bb67e2b6333b6354d450e8414f911c38ddc39c4cd6252a063118f49467d2bcee07bffcfe2aec89ecd11d3213ab9b226cea491faa48a5bfaaee65819f9a94886657c73508000d4e0c5168412530b97ee8a4cf965264439c54c601899a77d5000925cb81e00a58961215c0d5d15de79f6d57321e704d9f38a0401c3a2f9c5c10018ea8f3163d0b8dbe3e2e50e9130c9edacf16242e38a2ec82ef08d448cd85d79a3b828069a738ebabc1348e6200f89aa00c2923ac3fba15f60fb7e017665f7570180876fefeec91b12264e04af8c77c4f36414286d164a83172a624c8760f46c4152bb9918872c5508614edeabcbf5c5dd1943398aab672e3b579cb0ce22aa01ef5258cd40d2eea3243f2c540d3d182b33cb0cd402921cd346619791e11d973c514c208e5387a3eb5a0ec401436ba33276a473c85443727ad4114971871de98e991ef42867227382b65c2c189e29aff003fbd2fd158b3526a0324284bd7746a41360a2e5f6c7360c62ab113b099af003020889ce81a1cae7145a3c1c6387d6676dc73609cab28c8ae65eaad8c8212e713525a20f4b028ce6cf982665e94425e6bce4c8dc2817861bd683800b9e144a712f1d72251748a6d10164c1d5157670817a091918e4cf592c23246927d63872634ee6aa586820a299859c484464cd9475264be664e1d75adaea959da4475837630d1061da5c7565a7f9e06a40a791af26e0665dd7339efe38a910489a64d0ea254150c455c24048ca430f1cd34eb10408d2697b68f7a7c02a87d683118833cdcfaa65b4292c768f99a9e9a6e750c2f3419132fb5948fa529cb39f4afa87a55310f5f9a29c32f5a03cf6a8204e3bc584c98923fba2328c60ba15103b87afc58638a3431b84e487a6a8429508615884627c3bb02a36486494350c2c70fc57a4e0cc0e9601bdacea0a011b51a90964f2b44d646261308ebe29fe7a8f2a90224e4ce20eaf43bdcb4863603911e61e7477a6d4b1d0799101823a66e106a4d93ce0d93d6a12e314c9027714cd06ca22436f2fcb2d39211d5183e2ac67b310cbead642658c05f426cea763943ed5627cea51faa04c16a51faa9c867c07bd9d7ce87db7488f0674f5ac86c840917830453311984471ea5573830e35ec5dc6d89589a11909928042c73887e1bad572ca8f5653bd943364b1265c904e74be6c2c4a8cc2085410200024155659b2f1c6030dd13f649480004ab1e1fc01f2aa5f35e33bd2991850d838473c838b1e5019ce8ce3020360ea022ba1768c00e2138ecc9e2a18c114248c21cfc9712b84d4c88841b879123895eb60514be04e7e0afa11623c1da36af0988609070cad684102931a3e02e61a3307b25a798184aa7e529985d67f6347439dc554996db2c7a14753af0ff00aa599563b9ed3622f0147a0eb5134c33826078289ce4563344d0865944c38063e6a19e26c211c209cb14707c460305118938eb54025183975c629f4e0a26c38944d6b3599f261409ce41dd3d773743498e05ec4b0531fe7baa478683c95d6c59cc6620d86f98eb1434f87362cc188c6759f88b197900c27949920e18463bd641800c404359e59957eecd819e409e4d78cc79aef04c432f4144ee45345e516189d655c4a901361a861d763a7d58668dd0643e6ce1a8f5b028408d957396b86e52ca3bd2662a67a41b1c053893327255609088031397f9bed40bd189824cc2193bd75656c910f983f7cd002908912393c19c4f123c5950900cea0561471813157456093740209d331cc14400ee6072b0050c7e066185ed4e733b9731361497247849cc909bceacd8ec90b3ac04c624c73771b4ac45f091eb42221a84109814f58664f1429789028f42f796ca84f510ec1a16248ac71fd55764f9ff00aab241e1c9fab12533187fd5958fe4ed42499c6afb2c499fa353108e73c151115111023f31420aa242287091135989b0af860cdd50535a98ed77e5943231b957a1474e481d9d2747b593bc80b0ab288d3b197b511844207f3fdd8b0a1a6bf09058b1dbfe458ff8074b1ffe62858a1629ff00c6ff00ffd9),
(3, 'JEAN PAUL GAULTIER', 1099.99, 0xffd8ffe000104a46494600010100000100010000ffdb00840009060712101215120f10101610151010100f150f100f100f15161515161615161515181d2820181a251d131721312225292b2f2e2e171f3338332c37282d2e2b010a0a0a0e0d0e1a10101a2b251d1f2e2d2d2d2b2b2d2d2d2b2b2d2d2d2e2d2d2d2d2d2d2d2d2d2d2d2d2d2d2d2d2d2d2d2d2d2d2f2d2d372b372d2d2d2b2d372bffc000110800e100e103012200021101031101ffc4001c0001000203010101000000000000000000000106030405020708ffc40045100001030203050505040608070100000001000203041105122106133141512232617181071491a1b123426272335292a2d2f0244363748294b2c3344454738493b316ffc400190101000301010000000000000000000000000102030405ffc4001f11010100020202030100000000000000000001021103211231134151f0ffda000c03010002110311003f00fb8a222022220222202852a101114a08452882114a8405c1db0c4dd141232117a8744f2c19dac0c006b23deed18c1d4fa5caeb57d508585eeb9b58340ef39c4d9ad1e24903d57170e740e74b0cd353beb241fd222de31ee02c4066426f91a0dad6ea79955b7e931bfb3af63a06185c1d1646989cd7991a46517caffbc2f7d7d392e9ae760d2b43442c6b5a216322218e6b9adca000dd38696d38db880ba2a6204528a442950a501111011110111101111011110111101111011110114220294508254128ab5b5d89bfece8e99c454d438b0385af1462c659bfc208b5f4cce60eaa2d1ec559a891d337586173a1a61f7649ef91cf3e0d24b078e7e80ad5a6f6758702e7cb4e259df2be796591cfcee95e6ee700080d172741a2ea5053b192474f10b454f134d85fbce05ac17e7d90f27cc15d8518a6b0d252470b1b1c2c632368b31b1b435807801a05996bd6d7470b734b2358deae205cf41d4f805c3c4b69dac2c607c106f2fba7d7bc42e7ff00db8090f7711c72f153b90d2c6e701a9e1c4ac1455ac99b9a324b6e45cb1ecbf880e02e0f22342aa7b4f85cf23628d86a2a2691f98bbde8d1c11319625c4463ba490d00073b5e22d756bc3a0731803cb33d85f76d2c8c585835a0926c00ebf0e092ec6d222294088880888808888088880888808888088880a14a8404528808a10941af5d522369712079fd570b03c11f1d44f5752f6ba5932b2202f68a168b88fccb8b9ce3cc91d02f98fb51dba74d56ca1a37d9ac95bef0f6feb037ca3f2f78fe200722aed8d6d43051b6181d9aa6766ed8d0e01c2e3b44b8f036bf1e6b3cb28bc8ed61f8ac3044e9e6780e9dee9c01da7961d22b0fc8d69f52b8efdaba9ac245031ac845f3d44a46eda0717663d9d35d05f8710aa0ef728419719af81f95b76d152bc3c740d7306afe9dab37f08b5d6ee1587d56d0e57cec752606d20c34f192c96a80e05e47dcf1e1d2e7b4125a5d3770b9a5ad7b86147391764f8b55b4c8c6bb9b68e2777c8eb7b0e64e8bad37b348ac648eaaa8d63810f9ea5e6a44970411244486e5d4d8372dbaf5ba51523216362858d646c686b18c01ad681c00016657f18aed43d86d8eaec38e575741253990bcb4d3cbbc0d2076237192cc6dc70b1b5cdb8abe2950a502944404444044440444404444044440444404444050a51042294410aa9ed2b12aa82865f718dcfa8731d94b05dd1b0650f900e2e203b402fd792b62e663ad708f791825f11de868e2e680448d03992d26c3a86a8a3f39ecefb39adaaa4188d34911703248c639c778ec8483af0cc6c743d78856cc27601d55093566acd4e60d9e3a58e18c460b43dad6cb2bf2b816b9ae25b9b881c42bee0933292a72b08f73ad3bd848ee32a08bb9a390120b380fd66bb9b82dc8257d1563627dcd25400c85dca395bdd61f36f641fc0c1d49a757b5fb9d2a5b37ec6e9593efeaa31bb197754a643332e077a690819c93ae50037cd7d55ad00586806800e014a957510a51148228528214a852808888088880888808888088880888808888088a104a28440452abb886da51c350694c99ea8652e8a300bc5c5c7120136d6c2e402145a3895f87b33cb87cd711bda6a28c8395c19985c30f274525ad6e01d1addc06b3dfa2968eb7fe2a1cad94b7b25ed3fa2a88fa5f2fa39a4745a1b6b88be664662a2addf43332589ed81ce6817b48c36e21cc2e1e794f20b8147b491c9511cd50d928e488901d3473c65cc24678dee9230dc86c0f1d2c0e842caf57af4d3dc7d1b03c45e5cea7a9b7bcc601b8d1b3477b36660f1e0e1f75d7e4413d7549c66a85688e4c3ea680d444f124320aa06dc03d8e6b41cec736ed20db91e201161657d4000c94f1f0d77751985fc2ec0b4954d3ac8abd55b591436f788a689a5cd66722392305c4345cc6e25a2e789002b034dc5c703a8532ca59a14a229408a14a0222202222022220222202222022220222202852a1014a28412be67ed07654406a315a69668661167a8306471706340be5782068d1c2dc2ebe98b9db474e25a4a88dddd7d34ec7793a3703f55166d32e9f9e700c7b15ac232cb58f8b310f735d0442d7e4e759ba69700755d1c36aa5af9f7746eac9323ad23e58fde697fc4e638023d45f95d7576561270771677bdc67cb6ea237dbe6ad1ec3e368c2602d02ee92a0bedc4bb7af173e39437e0b2925db4b74a5621ecd2ae591cf9a9a96d7fba1cc0478015371ebf055dc6f662ae90de08e76460768455249f401f7faafd2152156f1fa40e61d39265959e8c64af99fb29d987e260cb535156f8a397772c72cafddb9cdcaeca41372351a78afbfb4585952bd9440194b3102d9aba727c480c65ff77e4aeab4c7d6d4cbde852a115954a285280888808888088880888808888088880888808888088880b5b12178a4b8246ee4b81c48ca7878ad8255076af69195b14d4b87c9bd932ba390c0e06c48232e607b3e77bf455cb2d44c9b55bd9b87368835f3b230048dc92d2c9316b6eed24b39a2f6e3c179c1c4b44e30619591ca1ef2f6d3c0c969da09ef16ba71381c069a0564c2a92a40024a50d696e5732f9da05ac5ba8008b68a9f896094d8757c751963a384b87da326a8cc0daee022c995b73a5b370d7c1658d6962f94988d55cb6aa0c4e370e6d6e1d5111f10e8e307e202d5da1c6238e339a5ab1a1d5f4c07d23017530fda7a6a925b4b54da822ddd0d16f0be975cfc7e9aa64d1910b7e2701f42a33a9c6367d8fcd9f0f0fbdf354d53ae6dafda9d6df741e9af995775f12d919aaf09a89a49e9ed04efcf2b21707b0680666f3cdc4ea05ee7cd7d870ac4e2aa89b353bdaf89c2ed734dc69a11e041e4b5c3297a6794b3b6e2222baa2222022220222202222022220222202222022220222208255531cdba829ddbb659f27e60d6fa7127d05bc569ed3e3e66cd05383941cae7e6ca09f0ea1569f876720c8c69781973585edd2e1532cf4e8e3e0df75db76dc4cfeeb2303c9c7eaab7835347485eea68f239eeccf39e575cebd5da713c16f0a10392f0ea63c96372dbae71633e9b12e3551fac7ff64adfa3970f166baa85a78d9237a4924ce1f37ae81a171eabc9c2dde2abe49f8f1fc716868bdd5d9e9a1863770bc6e91a7fd4b7ddb455a3facfde27ea564970c778ad67618ef14f23e39f8f357894f30b486e39dacb6b67b69e6c3a26c10b1a616973807b4b8f68927b41d7e25638b0e3e2b23f09bab4cb48bc58d9e969c17da953caf11cedddb8e999a4bdbea2c08f9abec32b5ed0e63839a402d2d20823a82be0d3eccf6c3d8ded0376ab4e01b5670e6b629e37ba3cd795f981736e757068e438d96b3372f2706a6e3ea68b1c32b5ed0e6105ae01cd20dc1075041e8b22d1cc222202222022220222202222022220222202e663d5259196b7bcfbb4780e67f9eaba6b8f880cf210783435bea753f2b28be96c26eab10d100382f6f8c05d69d802e44efd573d7a18d61cb75b54787193badbdb8af70525c0279f05d5a3616774917e2a24efb4e595d74d3f7469b59805858ea4dcf5d782f628c745d1642bdee94e99f9e9c79288745a72d10e8ac4e856b4b4eab62f33575d4c07252c842edfb903d7e0bc3f0f1c89bf88498a6e71cc3003c82d0adc35ae1c1771ac590c0084ee2db8d3d80c4376e7513c9b069969affab7edb0791208f071e415e1515d4a192452b7bf1ccd20f83aed70f5055e82e9c2ee3cfe5c759742222b321111011110111101111011110111104155a7caedec9d37a6de80056555e919db79fed1eab934e3f6d1ad90ae1544c415dfac6ae25547aacb276f1b2ed455be2a192489ee6bd94750f639a6c43831c41f30405ef67f1290536773def77640de3dced5ce0d172795cac1b68db61d37f71a9ffe6e53b34f68a4bb999db619dbf849173e835f454bbe99e5af2fefd5a23ab9880c30c7bc1bc2fd1d95cd665b1673d737c9669e501d2011b3b310736edd737120f86a17370ca9dd90fed3a2fb76404e625c3330b45c8bf1ccb66a27ef3eda38ccc07c5add47ee2bed4f1ed91c41d1b143a965b332fc585c7e613ecc968dc45da85d27705c3b881e5a15e0ccd8dc731b01236fc79b1c45be2b59a5c0b5e4765bba8dd7be605d1916b74fb4d54274d1c56deee1e1ad639d1b5c720cb624026dcd73bd9c553e5a491f23dce78a8aa8eee373958fec8f4badec42a58fa6b34ead8dad702d70b1b70d46bc1737d968fe8727f7badff5aae3eea7bdf6ebc521bfaadd6c9a2d4898b62da2b34b5aef25c74e45aef838157184dda0f5683f2556a58f53e56567a4ee32ff00a8dfa05ae11cbcd775951115d8888880888808888088880888808888217041bef0ff006cf1f32177d5570d9096cd9b8b6aea1be9bc247c9c3e0a2b4e3f6f354b9350174ea8ae5cc56593af8db98850c359036295cf68008764205c10416b81162083c160a4d8e8a3168aaab1a39064c183e4d5e6172e9d33caa6d7b8b0ff00f98e9595feb547f8541d9a77fd5567ad59fe15d889eb2e652cf762bcfd9c93954d5ff9b77f02d776cfca3fe6aaff00cebff8159a472d29deab57c6d70ddb365da493cce1d1f54e70f9c6ba781e14ca36b9b1d830e636cf7009d490d0c1a93c4af0e79eabc879ea929963b6668d4d9655aec2b3b15e29932c5a349fe740558a9bb8dfcadfa2add4b8362713faa7e245959203d96fe51f45ae2e5e464444566622220222202222022220222202222082ab10c2593d437ee3e4696817367917d3c38dfc49568558c4aa0839db94384b236dc1aecaf7001c7903d7af145b1f6d7a81c4735caa866aa68f1474976cfd99839e2e4640f01da03ad83ed6f8fc761f626c743d0ac739a75f1d6b42ba54eb59912de81ab26fb8dc84acd99628dab26552cee9e2472d39dcb71cd5af2c6a2ad8e9cd7394675b1244163dda45ad898f55b0c365afbc0169d6622586cc05d2e5716802e1a0685c7cbea42d318c326fe333e58cc63591d197116d001c0dfae6005bcd5be1166b7f28fa2f9a61f4bba1694b77ae0249c83a0318cc6fe24dc9f1701c97d3182c00f00b7fa72e6f48888a0888808888088880888808888088880554717372eb0b012c83f78dcfadd5b955f1a7d8bae3ef9fa045b171594ec9d9925d1c082c7dae416905b987de6e8345adf6f4c5b1d4b0cb1d806ccd735aebf88b068d791b69c09b15d4820bea174e1248cae008e1622e156eab59958e3c53467b93007f5676ba377c4e8b7236c9c9ad70eb1bdaefa159a7c12370ec17339e5b35f1dff238103d2cb8f5fb37507589f0dfc1a623fb3ab479800aa78349caeb09dede31bff64a1aff00c2ff00d92aa126198cc7dd19872ddce582de20dc958b363438c327a4f21ff6d47c69f922e2ec43f0bff64ac6eaa79e113fe055488c65dfd4c83ff2241fedacd4f81e2b27e96ed1cf34bbcf98cb6f9a7c699cb165cb29e2037f33805ee3a6cdc6507a88c177c4f25830fd9d9196debc12385dcf70fd9195a47982bb22885acf2e701adb46b0793468a660ae5c9f8e2984ca4b216b832d6de922e4f468e63c54c146da6696b4b9cf2492f79cce009b86349d6c3974f9aed4af23468b2e64d11e6af248cee56b9125017b1e79fd981e424693f45f4954ea4b9b86def6d2cae2a59e6222295044440444404444044440444404444055ec7d9c4f8ab0aaaed2453190805a21b070cf182dbf319b3b6c6e2fc0f144c7bc35a080ba914615370ec721692c7cf1b5c090439f1b4fc09562a3c4637776561f2734fd0aad69a75db105ef741608e6bf3f915943cff20a2bdbdeed322f39ca673e1f15287adda6ed79121f0f884de1509ed3b90bc9882179fe6eb1be5b73f915276f32441685530594d6620c6f7a560f3207d4aade2db4f0305854c19b90ced27e03550b69d8a016376f5f456b541c10ba620b4971710418cb4b06bcf891a75b2be8565324a2222a2222022220222202222022220222202c73f74f914441f2ada9fd237cdbf55e29542264d63a90ae84488aa8ad962cc14222190299511073e65a1322225a2f5bf81fe9079844530afa0c5c17b4452ce888880888808888088883ffd9);
INSERT INTO `articles` (`id`, `name`, `price`, `img`) VALUES
(4, 'POIVRE IMPÉRIAL', 1230, 0xffd8ffdb00430006040506050406060506070706080a100a0a09090a140e0f0c1017141818171416161a1d251f1a1b231c1616202c20232627292a29191f2d302d283025282928ffdb0043010707070a080a130a0a13281a161a2828282828282828282828282828282828282828282828282828282828282828282828282828282828282828282828282828ffc200110801be027e03012200021101031101ffc4001b00010002030101000000000000000000000004050203060107ffc400190101000301010000000000000000000000000102030405ffda000c03010002100310000001faa000000000000000000000000000000000000000000000000000000000000000000000000000000000000000000000000000000000000000000000000000000000000000000000000000000000000000000000000000000000000000000000000000000000000000000000000000000000000000000000000000000000000000000000000000106139498c4dea9b7964d7b2d0000000000000000000000000000000000000000000000000000022e14f49cfdd8a5f2cf3db6ae9cbd889dfbab6ca162acb3d2812000000000000000000000000000000000000000000000000619f3f08f27c65a6db5f76e940b4015d4fd4f3f9da7ecad989b31a50000000000000000000000000000000000000000000000001c9755c652d65655b26b376e7b0bd7a473dace95ce670e835d24c39bea390eb33bc993125ed98480000000000000000000000000000000000000000000000d1c7f69c3e76b5e37b1e333bf7f3224fbd74e89d1a62aa6c4b3adb4f01f46f9c436fd07e75f454c8971656d90480000000000000000000000000000000000000000000000717da73b49d1caf4d1f2d6f2743997a7b1a4c5b4565a55d9d2d97ce3e8df3885ef535f67689bb0d68000000000000000000000000000000000000000000000000c721c565d3f138e9d5ccadb29846931ad1596759674b7bf38fa37cea1dadf575beb40b400000000000000000000000000000000000000000000000000f9bfd1f8ba5ad2db9abfacee8dba24c40b4a29d5b4ff9d767c9c3e873f46fdb309000000000000000000000000000000000000000000000003c3d8b5f418eb071b591cfd113a4e5af74cac2269f74ceaecb6e7134349de7a44b68de5e968adb2bd42400000000000000000000000000000000000000000000d70f398c68b97aa65d55b9f79f5fb26e9969938e5be39e7867319e7ab336651a4232f7cf6d1e439d91a6de8ec2f5982d0000000000000000000000000000000000000000001e7373f92e5e8cae6bb2e7e8d53f747db0cb2c33bd32d8834d2ca240b4cb78995b6d45144ea309af3f67b2a267a5f798e937e6d90a6657a6bb4a5babd42d0000000000000000000000000000000000000000d7b29296a6afd161e77a3b2743917cf5b0cf7e7ca6610e9a69b097233d1932be3e3df6d18f990d7c1f7f519ed4bbb9db9c3a7b3cb9fbff0043cecbc46b52e86b4000000000000000000000000000000000000000f389ecb84e5e98b63635dc9d3bb5fbe74f367b74cc354eadbacf6cfdc729cb2d996edf1c3236cf1d7b714e8f37e8c74e2abfb4e2bcff004ecbace36eb6c7a179ef6f06d990a6dea16800000000000000000000000000000000000002bb8aecb99e1ed930bdcf9fa3663867d7c3b23cda9c7afa099a73536498967b73bdf7cebc0a5c916fe524e4cbc366254715ddf07e67a9badea6763af6196197a9e4ed9b027dea16800000000000000000000000000000000000002a792ec397e1ecd7b37c7a69ee5865b73c9adb089cfd979969f62932ceb2cfb793d8f221ef8ead58ee418644fc72f135fc2f73c3f9de9ecb1892f9b7ea72c72f53c9c2daaed2f50bd4000000000000000000000000000000000000087c8771c672756d872e2e1b32c7ddf9e54495139faed7dc72a4cbb6a1bdede3cbc45e8e795aa2f95997e68d64cf70caf153c95dc0f2bd8ca4c9cd4b6cb1f7bfcedd3a3c8d2816800000000000000000000000000000000000001cd74b5d9df9ccb56be2edc72d7b36e7d95d3d96f62a5bacb5cad2ab2b677e8f23d1e0d4da98d196cc248b9f2dcfd1aedeb2f783ba646cbdeff3fdcb1d96acfccd730900000000000000000000000000000000000000f3d1c87bd1f3fc5d94f23dd711b6447ced5a7e8355461d5d0b1ca96f6741f6d9dc674ba77c6f21f3f132de6e3aecb9ba656ed72bb3cfcbcf32e9c13e3585ea17a80000000000000000000000000000000000000000adb256797a9ec395e5e9f328f251b30cb644d74bca263d08fbf1cb681a2c72cf5832f78df3b0b4eae3d983debe3f49d31b761ae612000000000000000000000000000000000000000000419cacf2307b5e6b9f7d5947dd59d9bb56535cb4efce2d113b289873fccaf47a5ab97b9d85eb86f34a0480000000000000000000000000000000000000000000000c28efd59e43deb2bb1d2af3df9c4e9cb76731a319d2ed15b3652f40bc0000000000000000000000000000000000000000000000000000000000000000000000000000000000000000000000000000000000000000000000000000000000000000000000000000000000000000000000000000000000000000000000000000000000007fffc4002e1000020103020405040203010000000000020301000411101205132132142031506022233334304124439035ffda0008010100010502ff009eadba52abc694d788b99a87dc545d50189c7c21ce1489136e281601e5908c8b643e0f72e848006666733fdc20cabc22aa6c93476ce5d2ae325413caf829940887f90d99dd20327201011e4bab7178dbb480e9338f827146f498e580c4cc80c00f9b89a7e8b46f3165d3e0833cee259ccda8ff00018c10d94caee291f8be025381e1ddb1ebe310983e261103c4e4aa6f995e3db517ecaf1e5141c437545e2a9c503c507b51f027fe1e1dfaf577ff00b29c48f2d75c9551a951442195a5530d4ae02f3f26ecdd0fa27d7e025198e1fd2bfbb9ebc591dba328bb95e8eecbdfc9603277e3e88edf8110f278a55eaf671157a68ca2f54fa3bb2f7f27094e2a670211b47e05c5d3b9627cc16ac5d2151a328bd53e8eecbeefb2fd75c6e67c0e6226181e11ff00ec1f58d1945dcaf47f65f77d9feb2c760fc12e502f56fe4dc26775468ca2ee57a3fb2fbbf87040dafc1b887ef5af6c68ca2ee57a3fb2fbbec3f4be0dc5edb97567721310c1ade34c6051bd512bbb461f78adab0f1f7490e5abe097133c92b9b84cb2e61cbb1c450b06b9a34c6af04c56e1bb50c5e5c7362c97709b955e3694d867c0ee2f44626e1ae21b15d7875c5102c1927d776b9acd66b33466c114dd81cfbf99c00dedd6614963c83680b1a2b1cbae69295a7f88c45905e22dc6ceec5fefa6500377715f788a184a057db014ee2cf97744566b9abcc794d58621e2e1f7bba7eeab4386debc96102bdf503b3c915d068ae5715e2a66bc43689b271c955436e9356f78a7792e544536571cf0f79bc6534c8cd09840a639c7338f244746dd50258da5da0c542c62b1a480cd1a8461c816426e8d0433051a6214ff00783281161cb0ed37dbdd14c1c04440116e9d062061a457068b681a8f34c661f056d72b70be2dda56cc89cc57498b7675f77e227d219ccbebaee5c53671aa868e66e18b5c047f071047355fdacf9a360ec168fe93eefc41b93b254955c44d24a33a2c7715d1f542e161ac0e6b6c698ac6b7d6fcb309c49f514321aaac662d8f7afdd585b578163398034c9ac6c4e913cb55a0ee2d447cd35357b11298a54f5e18782d13d0fdd6fbf5a27fcd64d17d52c9c9d0c666f4b2db78dabd171fc0557b19b6fee3d50587e81f93dd6fbb12b1603465503fb1a27b87ee5cc6b1188d1570c654bd914c79e6d488e274b9fc551ebdba8f7fbadff6db94829c524113f7340e8bb28cb744f5668e682a1a6988160641ab2a43173addf449770775c460e342eef75beec52c7c3be1751dda47e1b0eed2dbbffba7a79b5167536d1be2d06222db6954d5efeb7f698cb0bea769eacf75ba8ca43f3342223fd9a0751b2f5d2da7eee93311a13020898313ba370cee1ae2258b718a40fd498dd79a2e3ebf7538dc2dfa2ed6efa99d2e3454d5bfd377a0ced2d1911b8e08a5826553b86a53d4236aeb891ee3586692afa2c87ae8af4f76bd1d8632b715decdda0d5e972ae67aeb6e798d367580ebcb8a88818ab86c2c31be6d55132e18858072c3418c0fbb5e06e5a360c9ac8687d2a2ae55ceb7e1aee623489c4a9b07e661ed8b86cb8d619a4e16313253a0c64bdde6af11b1a4efb51f49e81576136b70a31606a0f98a8704d7302a5c146fa7be4e9614a5d779eaa8c47bc3d7cc0e5fd2e5ccac673151478dab12b260cc14790d801477544c23a08a0c45664a2236c68b1dd3ef572acc41e44e396cd0671263885fd35cd93197b86a6f0e8ae0cab333431431423348089aedf2046d8f7b6a20a5a925b07225a44e28d20d960b1742d19894815785a8b7c56c18a838995db1154748d56bc7bf5cab789225c225225a894c510acebc32abc30d7851a1b54c54748d6233201b7e00410557164e9698b6da4660a3f88024a846063e0523050ee1f192172a85825e6dd14206540981f83cc669966b39f038a8b43af0aca8b59a8b50a1011ff80bffc40029110002010302050305010000000000000000010203101112210431404150202251133242617014ffda0008010301013f01fe67a598f0a95b2646bc1adecdde2fb0d78288cd2cd2cd2cc31f828d98ac87e0a36621886fc1c5e4621887e0e3cc62b2f071a4d9a2254869f435e06952eec6be4954c721ef6c18bbfd75d469e77634b3a894dbb429391a29c399f521d91ae3f0688cc9c1c79d9f5918ea7822bf12b4bf15684324aa6d85e8a53d2c9d34d1386878319eb3865be44dbdc93cb22b2c96dedb4a7f064c91964a32d5138886639f8b3eaf86da249e23b5b875dc96eca8f1e9e11e5151676b3eae83f6127ecb52da060adf77a781fb593e63e64babe1df6249e37b53fb6dc42f766d8bf0b1d14f2ca95161bb3eae9cb121ab527dad521ad0d35b3bf0f41d47fa2bcb0b4a1edb75d4ea6a5b934278dc8bcda5152e67f9d7629f07f249aa6b11272ef67d6a7823252318232d2464a426bf2429410ea156b2e4acf6ebd3c119a973ba9c97267d597c8e4df3b37e0949a14d7732be4ca3521cbf857fffc400281100020103020601050100000000000000000102031011123104214041505120131432617022ffda0008010201013f01fe65935232bc2b76d26189f836f164b17947b917e0a444d48d48d68d4991f0531ec44684488f82921911889115e0e4b04462191f07322310fc1caaa47d46539ea1dd3f0356af64648c3d8b95b3f04faead531c909f6231c5a55144d7296c6997b34bf66b70dc8cd4ad1eb272d2b24a5dca4bbbb4a469f7f09c72466d3212d4b2671d6710fb0fd1158437817bb429f7628a1c53270c151619427878b2dbabe23722b32b557dad4a397f1e2238641e1da3d5d75fe88ac4ad3fc8c943f1f8f19f9222223d5f10bb91ded3dedc33e5819932edc44b54ca70e695a3d5d48e62278b544329cf43c8a4a4b2af5eb282fd94565e58b0f9f5d529e9794446b2358b46728ec7dcb27c5bec2ccde5908e792b4575ad649c5c6cd6471687fa1a90a053a2fb89604b3d7b59e44a9b8ed7714f73e9c7d0925b5947c138a7b8e9bec6997a34b1418a297f0affc4003d10000102030406060903040301000000000100020311211012314120223251617113335052608123306272829192a1b104c1d14290e1f063a2b2f1ffda0008010100063f02fedebacfaee0bd1c071e745d543fa9560b0f27af490decf298fb29b5c08e1e099bbe4a6e3d1c2fcad46f9e7a33c1dbc2f4b877bf9f03cce3905d2c7a9380532a4012edc16b3eef06ff002aa0bb9b8aa34b7938a9c18b7bd97ab9105c7d9ff1ff00e7fc781493804e8b1361b92995214de77293468ee7645745176acb872c397811b09b8bb14d8632c79a90c4a0069f4adda6e286f41fddfc7811c4ecb7f653de8bbcbd4169c0a7c33fecac1c29e0225477f95821b9d378c405310e210b5609f372ea87d4ba96fd4bab67d4aac67d6bab3f355d5e6af34d0907e6827fbde027fba545e62c8def21303e4b61abab6aeadabab6ad808ea36c82383058fe7fb780885fa866e91b22f3fd90d23637d9aa089de4f80dc3fa627ef635f944aa1a46c7c43fd465e4a98e48377780c456ed3107f7bf298d750874c1d33643f742e0dfcf8124704587aa7ec9dc99ef699b20cb12d1252f02963d74514ec3b694f48d909d9960f03c6e68691b207b83c0eefd403399c10daf92cfe4b15b416d85d67c814657cfc05746c3773994c67744bc0afba6464a51224fe2574933e25613e4bfabe4b15b6b6d6d1f205498d79f25d2344bc97a4873e415038731e033725ef1c14a1de3c54e36b3b82d46b5be486b00e9e56e0160165a1386d0fde26ae99b1fdd77800b9c6402ad1a7066679abd1355bfee0a5080929bcc96afa387bd4da26eef1f5528826a708f4b0c64710aee0e1dba5ce32015e77c2d39712b501bd99cff00c2262924e5c53b324de5d246aee6e9548b257db3e7a5d3400044cc64e54a118b4e23b7278b0193477cad6d6e3fbad5a05d23fe1054ced640e8eb3a4a826a8c546a945821c3885385d24077b2556ec767dd481baedc743a58348c3fecb093c623b6ba30653da3b82f4628053805b8cabc15e76c8c02bdf4ff003a137502bb082aaad5505b5015e9c95ea4fbcd5723eb33bc810662de9b276abf871ed92e38041a68e8a66780c8275fda20a91cd48ec8a9fe14cdb79ea4dc16b7a877464b782bae1272ba6b0cfd952c91a838a305c7599f71db0d87deabb920f74e4d37a9f6422ee2af4a602b9f3e76de382badd80a9ea4b86db70b2ebb69742ff86d8711b8b4cbcbb6223be0f25788c7590677d3de365b868084c52f5554e70d99d81edda1f94d78cec20e068abb4287b59cedc269ad8932d9565c54a1b6f119e4139c5d374b14c679db33894621d0afa8703989592dea243f885b138d7b59c37d154ea66a4dd9e098dde51b0041b9042d9fa97f0adb09dbc96da3976b347b4af348e927e6a73f2287b2d9e8733a12b5bb3ad83a582381b9b5c6a816ba87675673ac84d38b89c786fb5fcad1ecbc5aced667351dc31926cf7a8d3ca96bce80b66f32129ae89c2f5010d1ce414990f5034dea61c106965da60e1926986cba624f29616bcd811f785b0bdfed66fbc9fad539265c74c4d46e76bf92772b4f2b45722155ff00fc9d14db740bb770ae7fca2038dd3fe3f85363dc33ad6d89cac6a67170b61f3fdbb58a73774d42bbde516d213b96954d922e13552aee78a0eb0f136b7856d9eeed621076f4d6bbca89fc741ccb41b439cdbd4dd342eb241a334e2293028a2480ae64ae20000a6b4e4256060cac739447fc23b6af4a72aa0f7094b14d7b7968418d91a153181adb74db8940eeb29cec254c9b24288346568ed79a2c3299a14f6b851bada0e60c769aae3b6e1fe2d985c74f8597be4a6eb476cde6e29b79a6b428b4e80fd4c2d93b41073364e86b556325b4162b72badc1715c062553c9485bcfb6649d0c9e40a63c63829da6f09c33b4372a6b407298a8d1d62a824170b253e650005320a59e76f0edbbccda4444949703a04b1b7a19da6abd00de6e617a2203f715accfb2c82ab8e8c9b554f9dbc4a976e5e1b48b1f563b0571f8e5c6da2bc0f4713785e9e15f1df6a95f98dcf0b023dd335b47e95b5f6552a50585e7829fea1df0b549a24342676bb7a98aad1d92b9168efce850ad7863c952616dfd96d9f2556979f68cd485068482e3e00dc77a3293d8e33e4a5144dbde5315f57b82a780e442bd00dc72f48c98ded543a58ac2438aad4f8227815ab1085d6fd975a3e9558aef92d6bcee656a803fb02ff00ffc4002b1001000201020405050101010100000000010011312141105161718191a1b1c15060d1e1f020f19030ffda0008010100013f21ff00cf5d281ee18e1b7370620f7917f57dc84799bea2d3a8d257f64dd1ec32c0acb6033181079b5e0381135df6f7f7e32a8a3cbd0f06ded0c7d8d970fc489fd5bf489716c2dfee46bca6b95393af9bf12ccd759f3126a1cc9f335a47b9eb06c63b3096837e9fcfe10fb111ba0b58db56d7b08eb9261a8fd23acd2a0f7ff38c510738d879fee689ad23b738ed75c9bbfe98fb110e64766d07636faa096528fccc211ebfeee1a79072e72ecf427263d265dfcbfba43ec31d7caf94299655cd56db4fcff74ffe181d2999ded7cff48539c46a2e75fc34fb0ba505cd48ca1e66629a58ab16a2ebf31184749815e14d9ff6ed39c1099115f83fd21df4ea146b615c49c4dc1c26cff343ec2fe6728a38fb334d7cbec4169fbc5d9f2a3fa880434e85e26d079534d0d0b9a4ff00e02639ed7e8fb0ba8854555cfa0618456b99f64f4308cc3818e7a69ef451752cfc31f1050437ceef8f8fb0ecdd013f9de6dd6511b7e2c3c211987070cf493de9a41ad4ecfdfb4647a1ddb4afb02bec34c94d7b401366bd3745068b967978cd09c0cc383867a49eec14bce145dd7d9f62330b5a245cecbe6279d4f7e39987031cf413dd89a8d903c2080d79bcde7f62861a3879331ea81d44f14e0661c0c73d14f7a6b99d61d8ac7d8e75bfba13d1cc2330e1639e8a7bd3fa1cbec754c83baea7f543e0b92c33e251e4210d426a1990e87b8f89a49fd1b9355da5430cd6c1b3d3ec526d084da79a768b16056e6128e5d75652fcb11cb3c18fc3eb017a3e732d7baf885dc7e9962ba5374c05eb625adb9b57f612d4b03433ed39cd7f9cd9fc12e69a6a9a3cdde53f44cb468995316da6f356d0a73e5c2b6f2e1d1e48396e73a905a41d5a35d251fe4da7c3ec02a5aa562d17e80eaf21d25af471b69d1b4a7239c882a217bc7b2cf545be5084210ff35fe79ee78c7fc8c6eb1570575b274fae8d015ab1f42a738df2b9135e81b6b9f58b409ab36e885d6364bd2af9c10b56f7f691b5180c060842109b21e32a4aaf3e568c4258d9ccff0002988b52b970fc31a2dd1663c9fadb0de9f966f625eaeede81dfe04575dd7ac458fc81cdfc43a0de5a8aeaf596aab6b0e015d0b620d94686cfacda5e50fd4ce901ac82b6780bca6af47b9a454ff07d39ff008b435f6d9c982eb85fad5a45e1bf338ad52993b478cc031b56134075b577ef000f55c39f57c45b6dcc38096fe59d15ce276da81ef4c7b01b04a39108d54aeab37e52c6e86b5f785acd8c93f2412cba89bf0235f2bc71b7e5f5947682d88f1a971168175c31d23a1754db4053e9e288f998427a2c9a89aef07116f2828a31038571b939ce6667224a38e4ecbcceb351abd4f71f8840a11d44e1481a543991864968be1bf581b6e8bc0c2b78b4dcecf2d61d1074cd999d600eacd25ae9b7cf742102b6d8b9ab83230b86a10ff662373aba4aa090bcf1cfaf78bcf35eedcf9e2135a65d530fab302db45a766651380eb4d1bd2bc8f58fb6cb5f844115e7dc1f2f02501b6f15d0573d200077ff000dd040baf7941b111c88ca54a1b306211fd93523c22748b595b098df375c9e14c49b45d2eabde3ead746f42400580bb61b06ec915e49b90ed34166aff10e078a8367ae21c77b2e50da7af0ac5e27e20b20a759d74275c9c1acfe9961e2fcdcf114398f39fafab3f05f5476a85db9d310aca006861050e6ff00ef396731747684ea6329987744b972fd58da67b70e72b3de35e173be676e6c026989d65ed4e6e734c75b03b25f1d3d46793fbfab78f0886828bd82ed1d96f426967fe258421d6bb1354c344b86a8199403b40c7586095d16d7520a9535cb47ac54b98a0c016f4d1f487a45e928d0b1b0f3eb324e807450b15af9cf8472f587c770c1da628eae747ab0e0abbc9e9fafab7f5f49a02935dee5cc5b598ab6c57b590847d819acf22e0cb9e11acdf5d8e0be929697a1998bf105e981e329966c8d75f70c451a603420f97e266c01d2af2bf38c73174426a6d5417dc95237f8661c3d27d987d545bf213509ceeea1e533d6e2bb4f35f2e3ead05245cb8a4f9436e7bcaba406a0cda7e26c237a5e1a045f62a5fbdbebb8e61b816b044de9025ff359a8dedee4073d88ebed3756f3d20f6997de78ca5c2e6038551eb7c97d5bb411f586b7e978418dd8794c1f5f921c0f561f698d070a29cc9bb7c08b00eb14ace710118b505cc440894b37dc7c9048ba4bf0996070a39bc89d3b79385e391eff00f3ead6b6e541746997941de5296ce9057e4bf4fd438509cae3bbea4df874d59774ed0dba4033050ad0823844554bca508409a16f32e140fd35cc69ac45226acf72f31e81781172ef36599c5a15ab1039a6df13cadc43a9e6fd5ee37804a8319a65cca9bbb434d213348c4e3f1088460290e1ce431db86664ad657ce556976758abbeb5bc7060bba7fd881ced30a6adcb8adde84d11ee85dccefc6a9cbeaf6db8f68b53c683ee4050b28ed587d23b179c3de115364fdd49cb8340971c9292134e9cb31c2e61eb89883a99d89501d3eb1101e2c40464d1d230c46be3c58e606d87d5c588c5ff00aa22ad4350e9de076f35e5faa6108ef4dcd4857ebe86cfee29d61a7e388d366669c6bcf799ef126e4c984f6268354622dbcef38d6016a161e773ba4761d91a0301ebc75573abeb2694d769651e9aec181120d57ccc7e2090c308a9896d37dc769a917ec4da097b37e15c2a611be5bcb5f38cb1d2dec2633798efe1820811b4de6496f2f8870c8e19fadb2968e5bcc5734bbfe497e5db67afefde1089711fcb40f596eee393c23ee24fb3349d4331b27c299a5db4e02dccab11872bcb19a34794b0567bc1c2f50354a094bf5c558a1b99802586dca3d84c9d9084656b597d5e1cf7895849ae8ec56af19ab9d7099431e238190f340f76fa4ed86da79cc143fab654cc7b1c09eaec7381a4be6e5f5eb345934890b935a35b37947b92ed0421c2ccb979e863f28a675c47eb4452f9c3da4c00e41a7f86a8b618bcf37d81ae6bc9667320c34cde4ed897841d21084210871c16cd5fc565687efec36024766252795b3321f7298a7b421084222d65c8d598febbf1944f76fd8e0298d95c2b142dfc20f83810394326bb21ff0080bfffda000c03010002000300000010f3cf3cf3cf3cf3cf3cf3cf3cf3cf3cf3cf3cf3cf3cf3cf3cf3cf3cf3cf3cf3cf3cf3cf3cf3cf3cf3cf3cf3cf3cf3cf3cf3cf3cf3cf3cf3cf3cf3cf3cf3cf3cf3cf3cf3cf3cf3cf3cf3cf3cf3cf3cf3cf3cf3cf3cf3cf3cf3cf3cf3cf3cf3cf3cf3cf3cf3cf3cf3cf3cf3cf3cf3cf3cf3cf3cf3cf3cf3cf3cf3cf3cf3cf3cf3cf3cf3cf3cf3ccbdeb4f3cf3cf3cf3cf3cf3cf3cf3cf3cf3cf3cf3cf3cf3cf3cf3cf3cf1f03df3a6fcf3cf3cf3cf3cf3cf3cf3cf3cf3cf3cf3cf3cf3cf3cf3cf3ca4cdbcf07b34f3cf3cf3cf3cf3cf3cf3cf3cf3cf3cf3cf3cf3cf3cf3cf3c732e754f3adff3cf3cf3cf3cf3cf3cf3cf3cf3cf3cf3cf3cf3cf3cf3cf3cb47903c4753ff3cf3cf3cf3cf3cf3cf3cf3cf3cf3cf3cf3cf3cf3cf3cf3cfd8485b4f87cf3cf3cf3cf3cf3cf3cf3cf3cf3cf3cf3cf3cf3cf3cf3cf3cb1d2bdd1b73cf3cf3cf3cf3cf3cf3cf3cf3cf3cf3cf3cf3cf3cf3cf3cf3cf0c361b4657cf3cf3cf3cf3cf3cf3cf3cf3cf3cf3cf3cf3cf3cf3cf3cf386e47489065f2f3cf3cf3cf3cf3cf3cf3cf3cf3cf3cf3cf3cf3cf3cf3cea90ebc05a0b74a07cf3cf3cf3cf3cf3cf3cf3cf3cf3cf3cf3cf3cf3cf3caff00ef985de29987279f3cf3cf3cf3cf3cf3cf3cf3cf3cf3cf3cf3cf3cf02b41e21bdae387bb30ad3cf3cf3cf3cf3cf3cf3cf3cf3cf3cf3cf3cf3cf338fa4fd69fbde17221dabcf3cf3cf3cf3cf3cf3cf3cf3cf3cf3cf3cf3cf3a6334208e494830cb7957cf3cf3cf3cf3cf3cf3cf3cf3cf3cf3cf3cf3cf37e0ee6f818255e22cf813cf3cf3cf3cf3cf3cf3cf3cf3cf3cf3cf3cf3cf023c449a30dcd7904644dbcf3cf3cf3cf3cf3cf3cf3cf3cf3cf3cf3cf3cf15915a183920c4a4eb6e5bcf3cf3cf3cf3cf3cf3cf3cf3cf3cf3cf3cf3cf2c7afcd030d153367624f3cf3cf3cf3cf3cf3cf3cf3cf3cf3cf3cf3cf3cf3cfb576fa4efbd11c1bef3cf3cf3cf3cf3cf3cf3cf3cf3cf3cf3cf3cf3cf3cf3ae949539dff0091fbcf3cf3cf3cf3cf3cf3cf3cf3cf3cf3cf3cf3cf3cf3cf3cb3dafb4fcadcf3cf3cf3cf3cf3cf3cf3cf3cf3cf3cf3cf3cf3cf3cf3cf3cf3cf3cf3cf3cf3cf3cf3cf3cf3cf3cf3cf3cf3cf3cf3cf3cf3cf3cf3cf3cf3cf3cf3cf3cf3cf3cf3cf3cf3cf3cf3cf3cf3cf3cf3cf3cf3cf3cf3cf3cf3cf3cf3cf3cf3cf3cf3cf3cf3cf3cf3cf3cffc40025110100020202020202020300000000000001001121311041405051612070718191b1f0ffda0008010301013f10fd6417ae051e96ccb344ac03c095e885aa7dcb39ed4ab1e886d97d13e8e42aea6a31f43a30dcde262d71ea477e85530699bfa73509bf0d38ab7d1b083c13130cc77e8b3ee097eb72d16c008d4b2aa07512b7e785e0824ffa103094ab654b451be49763cf17d008cf0de353b9b6211bbe110e30c56a06a12f1e630c09918a8430a9b8ea29a645be2e631d32a1d312c4a60f98367d465a625c31ea263046518853b832693b8b9ba9846ffd38ade3cb42af709ce025bea6432ad1dfe1a96f003f28c39f2c043ff66138719119eafc45a4ecf8e0e9e5e1648ce0ef8d03e5020251dc67d9999437f1fe7876f975572cdbd44a6a536a55626163bd92e5c26ba6f8d5a2eff31f3404d881764454806ce0fa12e726028e92a3441b6e65dc7d79aeec84a452a88ac9a6730b0d24c78d4de2d8aadb11b79e8ec9686313b35c617816ed7c5316fd0ea58ad2a7c30fcf12d447f457ffc4002111010002020203000301000000000000000100112131104140505120617071ffda0008010201013f10fe64837c437a5af06e52b05129f1837e8aa5c075f80ea6e5b9f44f4440db3f6717ed9f54c1486bd0ec45a418850e6027761af4371732269c77e1803d1dab9a71df88a3d18b2223232e66d10d7a2c4998c505912c0494adc4bcc1bf3d68b62b012e22b9900a25ca411e2e62a5f3d4a9fbc132f887e2106dc57f50541364de22529f32c619c7771d2572828815b821c55b3a9723706a45647998430854501085b15c0cb620d136045ccd4d3cccbb846d2fcbb38f518178d10344cd3d7e083878ba04fb08b1e5a3cc73e0effc86f349dfcbca432a9c0e36bf88aa2fa3809761d6222cff007814797755342a6e6419b458ae062510256c72e172b52be43702bcc64d0c78a600a66a312336e0264224a816d823a218c4ecf34cd31120dc334ceb712ced15b89dcdcc0802888a8815e719b400da1f184cb8845a44233028f43ad437dc03707c6763f85a7fffc4002b10010002010303030403010101010000000100112131415161718191a1b11050c1d160e1f0f1209030ffda0008010100013f10ff00e7a5cb405d9f689ae5f4217d6648deb7e086583d860363b7217929e421c76c50107f83ed356f7ac7a13b7c31fa6efc42bd5dde5d3c432db6bcb02e83e90b0c8fa474d8a4a1fcafd7dbb02442dca03a3fc33ecd22b0ff0006c04c7baadfa21e472df026ca6c389c111c01c1c1160657bc1ca703bf8b87037d83e41f0251eb46f7c613a798a4f481537cd624e035ef347bc74de69de312ca44ee24b7dc80bdee02f969d5d34567f0409ef236086f8c0dbf0f7d594c76d0340d823b751555fe47b432ec41c4d65d55babaaf561f54b8aee8ec708ec3fbd496482a26b5d7f2c613266e17c0352b20767a470a1320bb45bbab2f0eff00c0d89336047070f2fc4d82c7e42df4949bac4b0755740cfa1bc3e54355b56aaf2ae63ffacf061a072c770d78835a058b6753b36277e914ef07aac1f4cf71159653dbf8133334438a28f7cc61f21f983b97ecaf2d1ffe0002d65d12a2978341e66fd6d34005948ee3fd440eee4eadcbd087f01ea3fe82e274e51eb9a533683752eb07b5016be1d5076adb59f80b580883d27e9504e51cd984f2072afd4e1eef3f12eec55d52fbc326ad6da53d94a7c4f38e027b32d51b9c016f9b62f42a585b4121d16f9587f01be1d707aa7a5cf6cc42eb528f461bd82684d7d54d8651c9f4c4b6d9ddfb9683d27f730413b3fb84158f7fdc204430e6c7e369823ae698bc9fbe3b6eefbccd8d87a3f67f0237b46f51512c8627c2fcc75676fc4aef3977e598761ff8bf9a7b69ef5f476a9e0b3f95236ea01083d97a974f61fc09878e96ed42cf64b755830f448a0ea81e9c1ec3e61a3e87d3a26a4d39ec27bf4c54360d92f3daf9a1e5322d5a3978f7241ca465e68fe067d55a46b9ddf87e653bea036307d73e63c926cbd857418f47684171341f51a7dfe8bdfa6ad45eb4ba22a8ac1efeab34d5d5d6461e06fc903f8198e2a82c4752350972e9b17f0f4cc5bb4a029c34886741f46acf9be97dda6a424f3e1a2d2d7a1abfd917e516aead95755fe0bb9881d7988551b80340883d6b47c4b80d322683eafe698f6a61dd7d0321c2a6c10707cbfc19878d9a660fd37c4d0faaf927b08fd57d17f9fc3f82e93686594c744ab1bc9c250f6039bf170b60ecbf1286977b9efa498ccaeac34b15a2bed14ab2350cf5020952340e1ad039731b595852d2aff826d2c0596ac9c59d4b952746b3f8177f31e0f0d32f9fea3b67507e52a18145f1fa8542bd70ff001185878fd26f1ae17e21c2e57fc486ee93521eefe23d22e6279db4a840ea377a227c422880aa7e2f0cbfe02015683370396f5901e0197db1d632b8eb457f0fbc623d646dee794c415b059eb51bb0532ade947e628c65235eb2fa8a7558b5977b46745e310d08e86724ae8439d0e6fac4bedc854d793d26c31db93d5a3f3d20dcbfbeb034a6c441c2259b4367fda60a176cbbc361d7594e8b1a96f7ddef0828eee55e0e58ede9b4e2ef3b763312d4d75daf90e9df58aeddfe9bfd421086b89c7cf58ec6a22ca0aebb1ee6444405e42f29b670ea3f7dbc000b011e0dd0c74077501a19a13ac96c07064e6322583a285b58a30afe58c6a1a7105f0b47065d0de90ca9b06b94d076cfcc42002a150742777d15fa5a1c3641290ab4e8d28f9a94dc25fd0594a5c859eb0d2108c8a4792525321a91a9d4a33eb17115056e03f3a7ded012aac25eceeeb7ab2881d869431e1cf019d58575cd9757377b4aeb641035760bbe9a97ab606d166b2be35f1a05062a5d946556d6260ca93701998a2f346597c15bab1fc455ed43f88cac070522f61d463dc993918573eadd3b5432ed40e93a867d98828b8c62bd5a7cba4210534d608dfe601fa8f1e931f25c37937ac38d92bef2e92bb1e9751d5ddd0f31bdd89bde2b92dc7f76f22c6a37d716c5aa994308c8ad28d5ebda674c5a156d2af61b1dd8a8969b5758b783395fb3ac5174345379acf59bd20e5b00030f92e0f45d822daa7823a3c24467cc534796d1725ee80760c3f338a7d60723fdc7587886dec1c8c18a913594f6310dc4f02d1e0f3363eeecb7113f005c37cdb5545f910baeb2d71c3aa35a76ad3a4638a3472b772880100d474bdcf4ae58f4700681c114e88e1800b16dd5ebd224cda9d9fdceb840fcc10001a0155f42a3944890db04148986116487b86f4e12f1de3d72cd5ae52e9d1bc3d8c946abd2e767fc432308588e8c2207a4dd130901d11df1efecf53ac34fbb6d3504153d54f2d1eb2e55c3656c3bd80ae843684a96856dff00dbcd585503576879c1e5e2250b98fbfabb1a11b73b21b040bd8c6ec7b73715ff007cbb420b42b0541043ea912e6d0f9a4b7b97442bb83b4b2179366a295c4b1f0f837e4ea4b6a99a2e83fe6ee9061163256354c23d053d668fbb2a26928578caceeacce70a8c945b90cf388953134a2ebe699607342ecff21de0ab6dab97ab32ed1369e51c4583468d9fd7cca4721dd70842056f71de0169dcb12f268b5a4cdb81ed6778ca925000822470185d34a6bea7bc60444ca351189bd437523c393c931b015ea0f58475663b09502e2ea5e05f3af9838fba9e9c43c170c7c5eb45b61b65be92a1c82c54ac5ed8d26ed90a52b80ddbff00500529796e3d87bcd1da0e2266320be36fdc0255aedb1b7efd262620c1b95d0742d08af0d1357795689952e77a7112a81bbb5ebd603b0befcb3299e2d3de16c255a7112adda3059d61c07e43de3bd7599db8357c6c7d63e340170687ac2108dc1ece3eea1a7dd69239d0f51f898044a280a1ee8da617c875ef36f4115b18f9f641d05f0183e22da548e80f6965f098eacad3a8bae21a2117eac1f54783857fd88021b5574cd7c468162cc07c7ac458db07b5409ac501fb8186c29ff7b440d41f25e1f99852938e8c56e42a56cc616345679ccbd86b7880763c010f71838fa3b77ef0827cbeecaef6abd0583b8da8e406adcf88bc92cc4569f1b6b0a08c1a6b3f90c6d19bfa09d0be68d4b27b3ff23a01a1096eb82042d19c3de60b65549fee20bb38beec206117ff00435882910ddd51b7bcf47432dafc6694470c73b15226a55c8d19c5477e5af401e9a80df64c86b6479e2112bc607e26b662f7709e4d3e21b0ea40ded04783e18af30848754be5b07dd196c1cfe5147c9fad240cc350815e807bab2a633506940fcc5a7cc53a5357818d6f377f9eb3aff48a1c18c5ad8c10d1db05bc732e362ad4a6d8e892a24ed2bb5186c567659b09d521720a72ccdf9b81141284da55304a39575501250dc89b3becef10977bafabac5a9b32bd84ab84f6973d93fb8eb815b0343a4a01c3e6540fecc2c20e2371dfe19e8fbaf4947ad906a5102e09fc18d069fee2a9cc5465e0bbed860839d63b0ff353a25f910fa77743f221bbfcc4af71fed2b6be85d917d99e65774b140e1726ca3b6b76c0320c1eee49c15b36375ae6040005a2d915c8ab8b56840af6614cc8dddc8daf31a129d1f2e26a42db077aaa989995e45b84a579ab45c0c27d0cc05d6b27bc5e909d8dfea3ac3eeb7f35f4911744337a22ec3ae7fd508fa735735793cf78b7787fdbde3eb0b9d07f06b74fc522cfd2a168e7e7f12c3a0c4371e97e998fac70b402dc3685ba57ade9519bfe088d34ef2ad539720b42f16c2e83868ef6d7da1da1c44a6cc6e84caaa0ec95008742b6d34fc465ce844692acaf38988966fd2b07c7d0407f7e8ea820fba968a7f511f192fad0fbc39467005b46de9c4c25820ba6438f545a5e907980f740bf3886e6911391d3de68884e934bda011bc87a2623d19b56bf2c483d3caae71b2e3333c2c24e9a85da0571989d5e2ee313841f7972fe890b0506b80b39d087cd9167594d86cc7ea6a208b6177ae92a4b09a0bde5dbb2bee94159688c2018eb74132c30a8e432ff00bac1c4398e3cac0763fbb87dd5d21a0494346c5af0c57dc0307af4c66667d3b9af3ecb0595a8d3341b33b8263bcb0b05d1a2ff000c7aac49d1fa2a18363f2fe9035d5318e6a299061a0eb98e70c68b29dde84131c502dd2833103ace8ca83e5801a312a757f72cab680bb5ed719f0a21fcf78d8bc64dc141d0b8e5f4f98e984bf2aa1f136725ae565fd78843199ce233df7fbbd30616deafd34c362cb3483a70258dee45212ac6ccaefb87c44b9c6fb0c3ee7bc56e2e2060a6f129f0a3c3d7cb24bd46ea4757fa47884200558902503979f521a30b454d545d9badad8ee4aab2b96a2a146cd5bed1a14bb51ce1bba9a1a8cdbeeb15a95f573db62611833b011510f50397963ed6f83a2b43fdc432ab95843e359f4343cb5e8cd1f7703162524a605323a62aaef58f1d65859085134c37c5f9889652dcb85f9f71f40e91c05a6b7866975fa64d47a6a20b5ba46dcaea456e5c40440d89a907ed063fb4072db50c6aa5977ac232bc346304eaadbfa232013d7feb2e0b0822ed43a411b3a4799a969317d5e00960af7f96ec21a4730acce86c7de5f0126adfa453a5136e8ce1d536cca73910454cdee2f91348d2cbd4e91d6f10930ed314d71adb7f8e8e6321af92ff00a242f7a01f0f0f49505018412a21b33e88b4372aff0084c584562003f300612e0f5fd90021ea972c2700743a0709b2129e9bbd4ec434fbd3a0a6e80bd45ef08f12b8688f3794e1d35ba8efec6b81efdbe06666358211a1371dc84a7304bed1f93270c7658f3945d77773242491d74fda5f78fd40b43abf58d290f5dfac0da67654f68335f2c456bd662a0be65f2ebd0df42707529a3bbf83cc54ad78a3d8821154fdc13fd6ac1133465e5ddfbda5909a34d8fc1fc38895516889dba5fb34c5761c43fb398313db09b0137c65a6bd06fd65181e8af568a7c9e623fd4e8655e1212acd5f4516fde22ae7e2fb973286f15fad12de41ab807a5c2172d0b23be8f795965c8ded0055ea0ea07d17a00a341aae08586429e0e0e9f7eccda534bf30d1656d3a86c4c7ad8d00e9d60d2199620b98373688abddaf8a277db528f68a050ba1216644e89f5460728d174f2c7b4a90968348102102da735c1cbc42ca9ccd3d8e08e9f7d23100a2d318fd9de54f42a943aa5e9e2e6c094969df98352745413b25b99aa18208102288801bba4aaa3c565ec7e5950c1aaeaae57e8ff004b8541b21647ea32ebf14c6f6e7f26a4b012f2693c3354ae27b26a994b5c2f4f8833281bee9be067d6a356cbb276342057f04f3f440223b30d1637653f24b8f67068f79a07610c0b8bfce62dc838fde47ad3ea27a144a737a440aff00e027ffd9);
INSERT INTO `articles` (`id`, `name`, `price`, `img`) VALUES
(5, 'SHALIMAR', 1230, 0xffd8ffe000104a46494600010101004800480000ffdb00430006040506050406060506070706080a100a0a09090a140e0f0c1017141818171416161a1d251f1a1b231c1616202c20232627292a29191f2d302d283025282928ffdb0043010707070a080a130a0a13281a161a2828282828282828282828282828282828282828282828282828282828282828282828282828282828282828282828282828ffc200110801df01df03012200021101031101ffc4001b00010002030101000000000000000000000001060405070302ffc400190101000301010000000000000000000000000102030405ffda000c03010002100310000001ea8000000000000000000000000000000000000000000000000000000000000000d0d233bf528e6b68a4d827474497578e2f7c85b3ef439731b59e6fd0ad1ec34a800000000000000000000000000000000014da9da2afcfb6c6ed48bc676f7e4fd6b8fdababe8fcd3a5d6dbcd8e06c2d5e6fd2f9a74bb4648e8c80000000000000000000000000000000000a456acb5be7d73aef48bc677c8e37d978ce95d4f50e5bd52b3bcd86167cc733e97cc7a75a3246f9000000000000000000000000000000000014aacd9eafcfaec2f147bc52f93c67b371abd74dd5395f54aceff003f033ed5e5fd3b98f4e98c91be6000000000000000000000000000000000052eaf69a9f3ebb2bcd16f54b64f1aecbc6af1a6ea9cabaad677f9f839d6af2ee9fcc7a74b246f90000000000000000000000000000000000150a5dfa8186bb5bd502f195f61c6baff001ed2ba9ea9cb3a8d66c39dafcd9af34e9bcdba4d99237c80000000000000000000000000000000000738e8fccf3bf8da6ab74e7d7db97f5fe4ba535dd27957548b6f2b566adcd76562ad5974a069500000000000000000000000000003cfc6b9aaae97ff009d1ccd773f3aa889daf9e871d6b1d67da62fa8d6d8bc33d70ab373c44d4f3f7be4b796df0b2a6bbbced2e1df0b44d23ed1748a9ccadfed53b4abf5f75a945b05a8000000000000000000000050a9573ae65e869b07a773acb7f9f6f188d7e266212f94261331f0fb847ccc804c9313f18f99335d6fae74a33bb8716ed3b72733dfd5ec17ceee2fca000000000000000000000073fabd9aab97a373e73d1b9ce3d0845369844c2108941128948824122124266606f3b1f20ebfd1e6f2cdde5ebed5bf8d3940000000000000000000000e7f5ab463e7e8e5f3ae87cf70e9f9898a6902566fabf66cf9dcd3e7a77a5abcb3e7ab799cafe7a979d2fcc63a26bd348c2bd55a6740898ed4c4c4d8fad726eadd1e668f4dbcd35e97917e70000000000000000000000297e9f5994ebaf512e74ce7f47e626296808ecb9985991e5fdfa62ce94cbf8f1fb988f2f8fbcef89acd86ae670eb565ad2fa54a3d2894165eabcaba97479ba8d5e761df3ba0bf38000000000000000000000150d9ebf6f5e8a055ac35ee5f5be2262a80762ccc1cd8f2fcfebefeed4f2f8f7c6b47d7c3cad1f5afcad4c5bc2b961afd75d10afa513128b2749e6fd0fa7cfd760e7e35b2b90bf38000000000000000000000154dee9b7f5db926976da9e5f67cc8ac2248ebd9b839b1e67a7d7c7d2231b226f18df193e16af86bb3702b6c2afd834117d0a0f4a5131365e81cff00a0f4f9b8f83b4c0b656d17c00000000000000000000000ad58ab964ae9c575db4d5f2fb7e42b089898ebb9b85991e67a7d79fd211879931e7e3e9e716c5c2cec298c2afd86bf36af88f493129b2745e75d1fa3cdf9d26eb457caee2d8000000000000000000000015bb1d72c75d38d6a365ade5f6bc854826bd6f2713dde67b79fde24d73be3e878fd7c7a18b89998916c1af58abb36afc11e90164e99ccba86fe7e36976fa8be37317c00000000000000000000000ac5968d78aebc53033f5fcbec79c1010758cbc5c8797f1e9f5e88c7f4f88bd727cbc7c8cc6278134cb455ebad7c88f45302c9d3f98749df830f5bebacb53a18d3940000000000000000000000e777fa1dfebb718d56f347cbec79088408eb59555f579f659aca22cbe55f277d1a1896f3c34ff06d6afb3d24ce8c47791258fa3739e81bf0eb35dbed0dabd1469c60000000000000000000000552d55ab2d74e4f5ab75439bd7f342b33000009883ea02601300002c77ba25eb7e1d8e86cfa0d39ed82d88000000000000000000000159b2d62cf17e6f49be50f9bd6f214b800080112129120424884c163bd512f7bf0ef6bb67ad69cd6a16c80000000000000000000000a9daeb764ae94de67d4797e3e9790cb742510980026092521120881244fca2c57ea05fb7e1b2556d75bd396ca2d98000000000000000000000156b4d4ed75d2abcb7a9f2bc3d3f344e7b426047d411292120944894fca4884c11f3f5f335dfde2837ddb8edd5db15676e3b389cc0000000000000000000000aa5ae9f6fae9a8e31da78b63dde73e3e99757d3e65331026604a26133f329944a48084223e67e669bae89cc3b56fc79958b35475e4b889cc0000000000000000000000a9daea96badf51c6bb271ac7d0f17a465d5e33ec3c5ec3c9ea8794fa93e4f589794fa11e6f4989f1f9c82313d3dbe66377d9f8df64dfcff3ac59eafa73db05b300000000000000000000002a96aac59eb7d5721ed354cbb79fc5fbe72eda12f708a32f109a42ee29317794d21781475e24a32f445157cfa4501d03ee62abd76b167dfce8ac5a3437c37e2680000000000000000000000556d555b4d74916cc00000000000000008aed8eb717b209a0000000000000000000000157b3d6b6f5be77c607dcd7258df464ce18cd9c0f9365183f52cd627da321e23d98e32231fe619518bf265b16139b383e88c9aeecb5d17b18b500000000000000000000000d2b75f313aaccc94c60fd660d6f96dc6a3c77a2bbf7bf274ff7b51a8f0df0d0f9d888aefa6f869323663067386aa76a89d1e4ecc04c00000000000000000000000000000000000000000000000000000001ffc400341000000403040904020300030100000000000102030405110612355013141520213132333410242540222336414630447045ffda0008010100010502ff00c4aa42fa469102fa05f48d22069102a4799ce22150d070efbaa80843375688564c6a70e276fbb0f152e8c7d714dad46128418d0346504fb8998b475466169cfe3e1f089775b7e968fce96f98c86c1726784f58ede616ab0e63079775b7e9690fe425a7ef190d0208fe40c76f30b558731834b7adbf4b4b88cafcd64340827f91b1dbcc2d561d0f834b7b8dfa5a7c4655e7321a0413fc958ede616a70e86c1a5bdc6fd2d46232af3990d0205fc998ede616a30e85c1a5bdc6fd2d46232af3990d021fe9d8e8cc2d461d07834bbb8dfa5a7c4655e7b21a043fd4b1d1985a7c3a0b0696f71bf4b4f88cabcf6434087fa863a330b48558080c1e5ddc6fd2d36212bf3d90d021fe9a1fa3309e20d7072faeca979d1c6d6917d22d1d551f2c4ab5d643464094904daced1b1d198da371c6dd8a52ca22199252150c8515a037a0e2a4f14fbb14c71084269696adcbe5266a86ccad2f7a27c984e816bbca91f9ac0418b4dc65b263f6b94f022279b31517c69086908694869c2de3228f4145879bd1914c1b49bab885b6ede716d12db52a2a2d250318a51c4132688224b08d6d90716c90d6d9a6b6d828b6c144a0c695234c8ab6e21c2c8261fb23a04a570cbd7e086bf020a3a08c1c6418545c1d75987346b50c6a7236142e31a701c4438d69b2254486e24c2e2577998cba35e84aeb52e5919c08d0c2129c53460a3e1da2db70e6113269d520d575f8b845bb2c346d0c8277e5c142eb513170f1108bd284445d0ec52565a504e0be2f8bc2beb5151785f1a41a41a4067e894198822ac50b4bdf941fb8c8277e4c88fe4ad3f48ba42e90ba42e245c48ba917122e245d48ba917485d48ba917522e90ba4284285eb2b2acc3fab40abd152457b8c827be4c94e930b4ddbfab26c4cf95a12a464878c46413b2f792efd71d693b3f56458a1f28b689511664bf2c8277e62d06cc4da2f1f751267d49d88f8d8af8d8cf8d8ef8d90f8d92f8d94f8d96f0d98e0d9ce08887360b72418a2b93bc5bb387f9e41372ac7cf5bd1a27fc6177613c6dc3060c381414626caaa772cfe28ef41f6ecf27f6641322accad1a2b07363bd2e3dd84f1b70c1830e0585989a72dcb3d8a3dd0df186b3fdcc823b169e9565d1877a4e7bb09e385aae82e09a83e0a259a8282c3814269cb72cf628ff004c17e50323f23208a2f9a9c9565ae1d64c7cf7213c70ae2ed2f1a9664b323044398520d6e455dbc626bcb72cf627187444b38cbe4a9f7d9044e35342acbef7c4ab9ee4278fb9dc5294446b4513526d0e7a4d7a772cf6291e7444af0f921fbac81fc7234ab09ffcd573dc84f1fd4ce84d95109e06646a0b6a86fa6eacc4d3a772cf62731e896e1f252f77903e5f36ef168b0f5f3dc84f1fd5455153067c4cf8d4c82c189a74ee59ec523c4b0be3e4de4640f634ae93ec2f9ee42f8e5ea475f430614160c4d7a372cfe271bce5787c9d5eff002070be70f92cbf4afab721bb1eb0a0cc1830a0b0626bd1b967f138bea9561f262f92c81cc6c3bda739ee43765474140d2aa49055591aa8e28282c284d7a372cfe27125539661d26f3b205e361ce85f3dc87eca8e86661b2bcfabf70bf796c1dd65c32206141626dd1b920c4dfe72ac324be6e415acf3fa576d7cf718ecb277da5a8e9d8853568a06e1025555c9a77f5b4682ac6192d536e9dc9062711ca50af8a92f9b904b97a49aaba7febaf9ee43f648a808bd3469baa2aa8bf13b85a357135f15ac4dfa3724189c6704ca0fe1a5dc27790497115f4997b5739ee43f67d2be87ea60c189cf46e483138ee99317c2cbb1bc824e54997f4e15211ce7b8ccd1a4b7b5991b55a1b55a1b5591b5191b4d81b5181b4981b4591b4181338843e5b920c4e627412a4524d018e640cb64dce845151b5fd59062536ed4126ecba54d11cc7202c744c1217f5641894e3c5872f6926f272023f9c133ee2feac87129cf86cf08793f9590271e1324fee5fd590e2539f0c8a889411144e409c784ccbf72feac87129afe4cff00527f2b205e36269df73ea1891e2519f93a25445a7c81d3f9d13ae01cfab25c46b7e60257ddc81dc785a02f68e7d595aaec6407e734129f232078fe784d917e5ee02fa92d2f79234d507ca4caabd903a4653f1353a4bdc2e22bf4d9bc6f41b250f0cae520e2bc82271c136c38c197134997fc751515dcbc0b9493130be9b3f4d0641158e09c61a7b9f88fc45122ea45d217485d21745d1705c1745d21748513e84424b8905f4d9fec641118e89a61f4214214214214141414141414214214214214214214214214217485d21272f9207ca4c4497720892f9a112d6998d8491b046c01b00c6c050d82a1b056360ac6c158d82b1b054360a86c150d82a1b04c6c131b046c11b0486c148d82d88594b70eff00a4ac8af640f91eddfb52befe40f1d67bf6a55dfc81f2a4efd0d43898a18a0a0a7fcdc45457d0f94a53fb7208ca14d5512da0262d8583886886b2d0d65b1adb435b681c5b2435e606b6c8d69a1ac3634c91a521a548d324699234e81ac36359686b4c8d65a1ac3234ec827501d8a69052655f67208d64d4f2dabc1a6528351548924906b5835bc2f3c2f3c0dd7c6962012e2011ba28b145833785f7c69220692246922412e2412de0578c5c230a64821b3485a166dcbe1f5685c868428428428428428428428428428428428428428428428428428428428428429ff877ffc4002d11000201000903040202030000000000000001020304101112313240511421331322304120425052236181ffda0008010301013f01fe2942f30180f4cc038ddb988c5632796e623b10c9e5b988ec432596e623b1122596e623b10c965b980ec591f64f3dafa7d8c12e0f4e5c1e93e084249f647bb8165de25dc230cb81d1c9bee8544fecf4993838e660ed7ec61e3ec515f38291859ee3dc772e6773dc7b8716c545c95dcd0d7f8f6346bd9ff0aaf897c75cd68bef86c68e5728c792ade3b18e9e67514875133d699ebcc8d349bb6b9e41697b18bef02855d0bac631d89d90d4adadf911facb63f7121a6d6345c5c4510d4adacf90fa96c65fa91d36bb1a1262bfec86a56d6bc87f6d8cbf5169b5d8ad86a56d6bc87f6d8cfe88e9b1921d89f7b21a95b5af221652d8d22bae4474d8f2197184c261219ab6b3e4428ebd8d36a23a6c638cb830cb8304b8304b8304b823095f95b58f2a23fbec67f4513be1f1d63c888bed2d8cfe8a0d1f1d67c885a5ec693e8aae8f8eb3ad11d2f6349922a9e2f89959ceff00f4474bd8d2648a9e8627f1571ddd88e97b19e48a96865c8c26130b30b30b30b30b30b3095cd488e87b19e48a9d6214516a475943c9d550f275543c9d5d0f275743c9d5d0f275743c9d5d0f275943c9d65095ba58d2c9388b4bd8cf25f2c74bd8cbbdc5ccb99732e65df8dccb997175d1d8de5ff85e5e5ff8de395ffc3fffc400251100010303020701010000000000000000000102310311401320101221303241515022ffda0008010201013f01fca73ec6a9a8a6a9a835f7c9a82707488539c978824952468c9c9788248f91a32725e20923e468c9c9788248f91a32725e20923e4f4538c5b972e7320b652c8743a1d0ba1cc5c452f82b23bf95b1cc743a70bf0e8742e7314a30964a9e5dba507bc1542a7971b896150b97d94bc4f783f4a9e5b1a28a9ec4138d2f13e60fd1f3b11d639ae735c72a09c69f89f309f3b5ab6399a2dbd6ca7e27cc141d3b552dba9f89f305074ec42c2a74db4bc4f98283a765ec7321ce736ca502fac168ee362c58b6da702fac142a4f6e9c1f30aa4f6e9c6121567b74e05c142acf6e946121567b74a3090ad3d9b972941ef050aac5741a6e349c6938d271a4e34dc6938d279a4e349c536ab53ae127ee5bb96112df8fffc400471000010201050c0607060504030000000001000203041121317110122032415051727391b1c122334061819213426282a1a2e130345263d1f0051423708343536493b2c2f2ffda0008010100063f02fec956b182c66ef58c37ac61bd630deb19bbd56339bdec3310095e9a24473a23b292ba64954c305754d57b0623dad9b4a01f19e45aa92552c6ee5d5b7728b06fdc58279a94338c4b39a85673c0f04cc08d6b90ce2fb0710a0d9cf00d8a1e045b5c86718960e2a159cf00d8a1f8e044b5d9ca25838a85abcf00d8a178e045b5dc33945b07150f579e01b142c08969e19ca2d9cd43b39e01b142c08969e19ca2eaf350ece7806c50b01fe3c33945d5e699fbcb806c50b01fe3c33946d443c78e01b142c07da7867288009e763938104113e454ac60ab08cc09a14237a775cac2ac288f0c75e4e7a5351567393de3dcd9e24c662a66bdc0213d2a909ad831ded611502af62467b85e934954ac5083a11bc75f8a5b42824924de0af39c9b6b705c87aa8ea1bbef85075066aa5746230f8dca8dcc9bd64deab66f53f45d6140b01739a679a657d1a1c51efa9bd24568da2f492694452cd33cea79445f4bb917439fca1745af534a5f186acea6fe6223fde9d74e38f78aebe1799531e10b5ca88f08fbcb1d9bd63337aadbbd5256309ed5d0703985905ee2217a3be72be115ae89a48a975eddebae66f5d6b37aeb1bbd5111bbd19a3341c8679a640ba5105b377abef4ed88fb0217f28867b8cca87c1f82984b183f762a25926b4b69e0a674ba0f87ff002a6fe6d85bee95fd48cc7775e85d2e03f45d27b3c5bf45d094c36ff8c29db2a93ffd6109a5909b309ba04b552e931f79ca699837fe8835ad6bec33f254b45817a295c32c2290e89c94a7d16239ad70cc2765cd7a30669c157b1d84683a6e6231d6843fa4d6cda2e645937af577aadbbd63377aadbbd56df32c61e658cddeb198b19aab0ab0ab17695047b42e42b0aee32787985fb350fc541f1b952a954aa552a954aa552a954aa0aa552a954aa555d803dab8cee078a03fe33330bb64a0daa078f66816dc6ea734e3a20306617ecd409ff10503c7b341f1e1725511deac9a6e2a21d10d83309d92931395ac728169c20e0f65227cab1dbb8ac66ee2abf94aafe472cbe42aa3e52aa7791533f9157f2aafe5285f1afd9c185e3c2e4bf67ffaa8c3d96f0cc337e5a923b409940b70a1d9f670b5b061d85152fddf2a8c7d9670cc2c1ec261d0e5253fbab0a1d9f670b5b061ea94eb14bcfb4ee0a51637866183abcd44ee20a92dbcb0a1d9704d4b8d015f1a469545555abb95194cc39aeec083ad82cd52b7295f7bdea5032ccde1986158a3d8a0f73ff5c28765c68b4a6b69bd1954423d565015e975745f213502ab1ba1127d637adee5d1d3e51faae8cc3b85c85ad830ec29bb468f8a946bbd4a5da1a066183aaa3ea14d1f99850ecc133628caa69b24e807564a706cd7ceae6bb0b5b0596150f6ace2a3ebbd4abbef4fc330c2d55187b050daf2c2659814a6fb24ce83fd6762841d3f46924ae93a66f128817216b60c3b0a83b667151759ea53637866183a89f6223f3796132cc2048048538541bb0f5b061d8549f6cd56977152bf77866183a88a78fcc184cb301ddd870f5b059615036a39a87e3c54a477039861ecee46ee8839e132cc0bd334c057df870b5b061d8540da0e6a1f8f152bb1b9861ecee4a36839e13177e4549a53dc4f46faf429e69829c50dd3a5436cd3df19b0616b60c3f1e0a16bfeaa1d8a57633866166cee4a75c73c26a63b415d19939aceadb4bedd0a7ff4f4220e2815a747709de712c55e042d6c185e3c1335942b0a95d8de1987fc7723eb8e784d57ddf529998df008b59490099f49506f292409bbc94d930344d3bce94e8a7159434211283162d47426c16d3cca640eebe7157db942d6c185e3c1335826f74ea5432ccde1985c4fb5c515135f09a8cd96edefab5cda1077ac32a74d96b579eae840ce67195074e6f85c85ad830bc78266b84feebe447b3c86617fbdc51b13f5b09bf670b5b06178f050b68145efbe4efdfab985f63bff002b918687e100722faafafd17d7e8bebf4b95dcad56b194310f219ce0c2f1e0a16b13b9a534696947f7eae61706fe09ee4b0688c876585e3c14fa1af3f05087e5a9445fc330de330bb6573f886bb4a1d96178f051364ee4a18f60296eb37866176cae7f12f70a1d96178f051b64ee499aaa5b4e56f0cc2fd98b9fc47bd8c2876583e3c145d4e614ddca59a6f866189a97257df007143b2c1f1e0af7f1398df9ae4ba7fc4330b367722f7c9cf143b2c0b792938d31873b92c397d24d9859b3b81da61bda8765816a920d67fc2e4b36b9859a9701d07b34236f04f3921c39b79b92eda66185a97236acfd9a0cf54ea3c7ff0071f4582e4b76998619395b723eaf6668854bcd0143843d41322a5674bc66193ea5c946af66813e9e570a8daf9864da97251ab8152a95456555958cb19632c658c163058c163058cb1965545c816dc3628daf9864fa9723ea1b957dbd58306de5765ad150899864c7d8371f0e79af84cbaf77957de3e55f78f957de3e55d78f2aebc79575edf2aebdbe55d7b7cabaf6f9575e3cabaf1e55d78f2aebc79575e3cabaff00957de3e55f78f9575e7cabae76e5d6bf726c46bde4b74dd951cbe94e61844d5e8e8ed72d3f9bcb30c21a21f6b976d79661847f2bb5cb5da6366193cff80ae99bd543a7b95aad57f055ac658c77158df058df0559dcb2ee59772cbb965dcb2aad57f058cb1d63ac658ea8285f3ab519d90c539860c56fab4154cee53b452ba5315d16858ab1555f0552c572c57ee5eb6e54970f05d6bfcabad76e58cfdcbd7dcaa89b962bf72a9db9523e0a96854b02aa659550b20e890990f2d66dcc752a954aa552a954aa552a954aa552a954aa552a954aafec7fffc4002b10000201010605040301010000000000000001112131415161a1f010507191b12081c1d140e1f13070ffda0008010100013f21ff0089355a9dcfe89715ba38db5fc31fc20ac8cf727994139464e06bb445628ac10124ea20ef525694b78a122b52138c8993a372dc5ee3d965e6a5a5ecc067dc551ca219207cc60dfb0506589650d506d01b53c1738e783ccc04b44e0eca2e20e989bdef05c12c12850ad91cca6d984d2f81b2b86943cef582d829607a3b20b2e63b661348e02ca19a01b8c8b858458e1058731de30f121650cd04f3bc170b058e1559731d37c4af833638682797e0ba5845811bb3e63a078f1156570d04d4bf05c2c964f28d9f31d9e41a7a4c581650cd04d4bf0cb8592c0ed73e64fee2f9434e530b32ca1d8698799e0ba582c0ccd8f3172e64a129b845770a5c2f9168747523af28e0f98466a2154a449885373560343a89253dc217ce3b0ef0f7056ab4d75e6490ce3050a822c56a898e9791054f627ed3a248828b0259b059553d46125bec2b21116c8a8e04192d37733af7ec447b51a72e109b86287a948d9733635dca9b90c92cc5f282628ac8e63440f0354749ed1a2fed8d269ef183a036d8a0d778a1ee5d7f7425ae2b57c0b502c3bc0b24b45aaa5dd0bee164dc75245d5c9593dc2761d4a099e302f62e5a5481283f84345c109d2e84867e59b1dd1be8b0373a112a0bdcb163a1249204395dc86de3c89a615216e5913d8375a183e81607682eabda174ae81a6b2dcdfa3f64925824de741a6d2ec70477423802c5fc176eb16feac4d53704cda535cc304149674681374b91a5e6422b48f03e109961d51acf4f243adb5ced4ea684cae9b9fd02ca40b49d5432cb3df237dd0de5d694106939d8ab3d8a2b069d012e9dc12ee4e461bdc25b5e436e5724f70eab6d279ab0a907381d04aff026d13855f4899a9238097fb11c432329e0860ca0cae20b361b361b365f08d81ecabc58fee23085ab52e219afca8b8aa979e42f19ebe48f312685bd6f41a4ed1e08cb196320640ca191322654ca997e159532a2c39923286408e1d0a8c445ff00509b346af90ad95ff23ac1d68cb767e2bd2ffcd7a96766c7c0a6f36a2148e423506eec126717dcadb9f87a5fe0acef5ae12924d44eac4ffce1c85a5572147f8ad0d09a7aa1715509be0dabf06fbf81aeeefc8defa0dafa462dfd6105cfb887f78f124f4aed09494fbfa527a64f0ec5f635a88b3bf2175a15a755d3c31a4e7f031fa1bb3e28813d01c8476c2cf4eff81a063cbf04fb0c592390b3fa3a913ddaee999f66d7a743109899255e82fc0d5bc7a761c3803670bed0e44955ec44bbfa04c7086a2d3f4d1c2351164c198ea41e22fe886cdca4ca085d6eb2cdeaf16ba23255ac639685358f1e9d9701e1f369aa1a495d2de09c85956cb3dd1dc5d51d76a16de96e130324a47d22351bdc065a9db162107088efb7e9109c6a731bb60b15528a575733639a026a43b36d49d42b08b956b78b5c87b1414c0e04efbc7a76bc0ebad1076226fe534f90ed732020fa33fc96beb4484cbe44da6d0f8789e0870466e845b3fb918cb15d162224236ab8b09bf81b35af1e9d9f011282b12022257390851e66784dce82dfd0f83217054cd0874d4eb51df2dd45b01b2197bc5e49493233b0772c3ab1b2a1746daae0214c9293e0d73c7a76bc05946205f73cec8dbb61c86a1bd58b0b171ba4416be87c190b82161dce47042704b6489c0d4f426145d4b06ab54267a3e36fb2f4ec3815c3654ef0ea35cbc875f57e45946451765e07fe1f1704d274a5bcf01bf50b6597a11bfe06db804ed7909abfea2e4359c58b42220f17ab11304d283352b7ad95b2af7a92397ea3ec32f42379c0dcb00d33e1e41d23dcb90c5a6f4fe476337fc458f4f4e8886a14b384c58a37988ceec72b752c3ea388fd2cdee8cb31f1a4c7cacc486d702706f32f4e84ba0d5e82fb8bcb2be9dc850a16dbee3b18db2bc5974f4bf6464636a769610d7c93daea2bd13bacd73e484269ca33438afd17513a8bf0c862ce4e7c3dc669cdcded454ae68e990ada4d275b3311a7550cd865e9d2790d0bc31ab6e962d7e429a221d91d4768697e24b2e9e9d2889f4725ec704c46db1ee31252470b5b6d2fa9628b7d23e594276a7b71fbb7a0bbf52d8defe10dc138ec297c1192468f1c2f71d929d58a535eed8f362689962cdbe5e9d379068d95a48fc2bab1d266d3d721319a5d3ac6866086aabbd1e9fb2cba7a7424a6a6f1155d5f082850e1f0096d356255ada56299ce6788e547deb2b3419b09e948ea4a04914a773b8936dbab353f1e9de661b82d57827471e413b0aba43af15ada88b0e9e9d2f09e06c6e0c6e059123abf1e9dc661fdcf946499abb168cb90190ed9218e807bec5874f4afbad16fe8c85ddf465aee196bb8743b867aeefe8dc9fa333cfd0ddfd7d0f69fd18da1fd0e55355c9c3d3b0cc428dddd833a2f792ceac89d1f7c851351eb392e37f1696fa3f176d9876a0b7c37e4e9bbc0d73aaa5743eb90e83e4b889abfdc92df47e2edb314b701419634e442c8a8aa4f3c12915be8fc5df662d5b24240c17c08a86297213acd8b83ace9aa16fa3f175de41e8630ee503820638ab7b7219f593c2e141c4761e2fc466a7c821d0c338ee45d9f21a73be7c1236d5fec23fc0f198de436677b48b8ea04e914e4341daaf86d128996c2ff0038ff00063c757e18afea5e0c791d83fc4f6e43b7ebc1ad3c07ee99f317e13e15b6225a845f008ff40ec2dd9169c8693bdbc108bba0f62cfe198c435e63b1355fe83ecb420b3453efc85a6528ac3831b56cca8773138109e33fead8aae08cd229e2e858be9962ef6688c8fe072165d3fb7078ea47a8976aaf80578cf09249249f409246c688be1741ee2e3463340ab6dfb2e43aa79e1ab96864b255e8ccddac8c27b99ebc0b35d8d946ea2383d308995ec66bb1d61456204236993e1af198fe5721ae85fe0929681e1232865232110c110c110c110c110c110c11908c846523211908c84640c846521e01902fdd7970498310cc210b28e42a57f697c10e59192570eefb01adcdbf5367f63b84dfa9b3fd9bf7d9fda7d9fd87d9fda7d9fda7d9bf7d9bb7d9b37d9ba7d9be7d995dfa93dbf64716fd4fe7becc7edc579da0f99d29422ce0c416b53765c86f29f927f29d825aad847b390e722fbbfca760e9c56f219589b79e381c045327892c487890f12b890f121e257121e246643c487890f121e243c7824247c297189cb1d1ec9721665797a94ef7c30b7742d26fb0aedbb19eec3c5f719bec5a9a19b2be04ebddc27deee13bec09f66a7140da633fb069b5bb19fee3613321d8cb19532857d548a542b2e32923bb5569c8555b75c783bc4c2e109d24a1ed9969311142e132e285c83fe511df15f8c7821be8bfe724975ee1aec7fbc42c77bc82c6e5dc851b4df994954638e211db3da63563ef43170f03726e7755adb689133b9b91642329d8ca76329d8ca76329d8ca76329d8ca76321d8ca194328650ca194329d8ca76328653b194ec430442c08ff00867fffda000c03010002000300000010f3cf3cf3cf3cf3cf3cf3cf3cf3cf3cf3cf3cf3cf3cf3cf3cf3cf3cf3cf3cf3c22f23bf42f3cf3cf3cf3cf3cf3cf3cf3cf3cf3cf3cf3cb0a0fb97ef3cf3cf3cf3cf3cf3cf3cf3cf3cf3cf3cf3cbcac0d89cf3cf3cf3cf3cf3cf3cf3cf3cf3cf3cf3cf3c58471d033f3cf3cf3cf3cf3cf3cf3cf3cf3cf3cf3cf3c2f941f86ef3cf3cf3cf3cf3cf3cf3cf3cf3cf3cf3cf3cc0ef4ffc2f3cf3cf3cf3cf3cf3cf3cf3cf3cf3cf3cf3c09e8e6377f3cf3cf3cf3cf3cf3cf3cf3cf3cf3c3890e9606dd2277bdc996f3cf3cf3cf3cf3cf3cf3cf3cfb6308ba9147f7617b00df3cf3cf3cf3cf3cf3cf3cf3c05778450df3cf17da73d2f3cf3cf3cf3cf3cf3cf3cf3c73f0fc75d3481bd23f194f3cf3cf3cf3cf3cf3cf3cf3c3350ff004e439a362da7a92f3cf3cf3cf3cf3cf3cf3cf3ce270ea58b7b1508cbbd13f3cf3cf3cf3cf3cf3cf3cf3cd8cb5b6ce821c5fb7bb6ef3cf3cf3cf3cf3cf3cf3cf3c3d9fb507b48b951f2884cf3cf3cf3cf3cf3cf3cf3cf3ca9b7e9c65d9394973029ff003cf3cf3cf3cf3cf3cf3cf3cec772484b141e46765be3f3cf3cf3cf3cf3cf3cf3cf28e5ae3d5234bc63ba9eb7bf3cf3cf3cf3cf3cf3cf3cf3c2a3379095b55f6df5a844f3cf3cf3cf3cf3cf3cf3cf3c86cf7d096bdcc3ce6575af3cf3cf3cf3cf3cf3cf3cf3cd95419f46550fabf2d867f3cf3cf3cf3cf3cf3cf3cf3cbea304d20017abfda5f8cf3cf3cf3cf3cf3cf3cf3cf3c1876a8725eeb68efa756cf3cf3cf3cf3cf3cf3cf3cf3cfd017575f8a094aed42aff003cf3cf3cf3cf3cf3cf3cf3c7e3ab1075404e35948338f3cf3cf3cf3cf3cf3cf3cf3c3bcf3cf3cf3cf3cf3cf30f3cf3cf3cf3cf3cf3cf3cf3c4a2e9ac9c260e575d67c6f3cf3cf3cf3cf3cf3cf3cf3c3c181eee639e664fb4c35f3cf3cf3cf3cf3cf3cf3cf3cf3cf3cf3cf3cf3cf3cf3cf3cf3cf3cf3cffc4002a1100020100080700020300000000000000000111102131406171a1b141518191c1d1f0203050e1f1ffda0008010301013f10fe29c9323556b123e2661a7322cde6caa0c2b2f638682b0b035e9e1a0ac2c5eff0e5455858bdab284912a8b17bd69960b540b021dd8294b8be488b884cb1fb0b8add8ac4379312e2afd4adc475f44a2345f9435b94fdbfa189b7b3f43ce11ae8fd0e6849ec42c22455ad32ae2d08ed25257a56fdc10b94c84b593f3fc21eda0813c027cc5bec4a72c355e041d1e55c6551b8dd8d8d934493422687a8c3cb1ab5724b757157203121737b8e820edd10d1c74427f1d04fe3a23134422a6e84574582dcb1e0bc5c6147d5b832037b8c4a85ace413e422628d42228d12dd894232b8b70fcb7161f3631d85b241c78915548c4e59a854ad5c96ec9f8c6e2d12c16e2c36631d85a18c62763112d1a854d45cbcb26af9c6e2f564f26f0c7616a876db9a750a9b3c84aafbc6e3632f91a5f354dab2a2925b448dc893514e90f8e77191848aad9d24dba8ace59288244ac2ae72a24595e1e5924162fb5c5aac722d1e34a55aec633b188ec623b188ec28adb5bca95ec0e9bcaee2f3d2890796cbf1927f1d07b1b373f6ae3b68797e9b2fd7a05b95fa3bdc5a7a5159de5b25f924452ca8ec3d8f1d1dee3a1f23272fad110320812a208a0b185ba4dbef71d0f927d4f0484924924d2d8dc8a8737816bf2dee3a5f23f73c239c5ab49f33ea68da4c13eea1f384c9da2c6579352ae2dd9f23a186df26f80d9fd1fa3e89fa3ea9fa3e29fa3e29fa3ea9fa3ea9fa3e89fa1ff81fa1f3347e8b121281ea32dee3a1fdbb1dee324872f260180601804b910e88643300c025c84cc6d5c671049b91b6eda1320b8524d29b44f88c48fe1fffc40025110002020103040203010000000000000000011131401021412051617130c150b1f0d1ffda0008010201013f10fc54b88133e0f10d96d0277c136232797bfa2e352d0b196bcfdfd161360997757efe8b946676afdfd1728ccad1fb1948db749a329e02262a4846226b183de408f73c835cc85edf43fe6dfe91cbe8fe5090a1343ec12f710e8b60ef80ea11427436204ad44887d85c2bc17817eb1f05a5260c8dbec5daa4ec2370216f034ec247c0a1ed1d03a60c6dd0244713c08e371a94b43efd03bc1215fad59112813d9492dd1b0d2845ba277825c947ad5e88b0d8926866a40b5b8e705cba27a2d143d10ba27782e455ac4bdc56dc0d138e4893b8940afa07782df255aca53228a11bd3041f1fdc916e89972220b7d8d82a1b1ad5b122448498b6b1697fb1305c84d9f1de352f04b92bf89178ed60f228e87d7bdfd96583c8afe247ec1dac1bb2a1a23e08143b58366504b64924a25128944a20341e5874c1b319263c6784f09e13c278cf09e0fd0bb3a7100ed60f2f95dac14d2925128944ae992512bb92894dac184c91a493d53a404b4afc3fffc4002b100100020101060603010101010000000001001121311041516171915081a1b1c1f0d1e1f120304070ffda0008010100013f10ff00e23640b07a888ea1e599fc9337bce176df99fc34435fa9ce0ed0cf0fdd0eed8180747c4ba8a0c000f5484da05a0311a0d384b216d161e90baa26faf9888dd4822798caa2c61c35cd968cbd62c2c8594bced0a216aa17cea606a3ad0bb95185486c0d65e4c478ad6af88d5aeb13b9c1a2d43ea994076250a061c254f3abea9a7866e74d8731fde18efc4774a42193ed69a73d044b8625e0abb461fde534460e89e961e6ded19e9bc47b48e2fe96504fa08988ebe86254b89eecc5180e905397705e24c99b8f293d5b01d898130b7ec4fb1cf0c1d0e1067d23c127adf113729cba7f76cfd24d10fd1dd31fbf5ecb4ba4d5981fd6be266efa17d73426974d82feee263d6f7e6a9f49357a4d371f613d5788e73157cb5ef9a753d14749f61c22ba3eae6b918cf623f7f867acf11174f033e9a3ece2f3a7a49a27d87085364de8cc7c907dd699a5d7c454419b7b3ca5ef0f697517da8a1df1fe38f4f8fbf33f2cd29afd27d2f04f55e2217aa2d2e418e915a54b968d09110af109080dd5a561be1e52e9b6c69c484e3626833d712b6898de4a6163789687a598777422c4c529ce20a18bd053e23ba1838c902e6dc4cce1f236bb621450b5d58b192a05014b1b6de917b002acb076d62e49f15712104d5301bf72e5162cac6914b264254daaeff12dd102ea8aa6d31ef32be5bda1ae58eb5fbc2142413ad302a7082f0dcd0488ddfb2f0a74725aaa02096aa1217861d6245d2e84d4bb07e60b7fcc3e66745a38fe4875d671618e21c4482cec64053e180c895842f0191ad6f74bc435a5d3afc92ca4280d1e44a1ab5249c58c875374a22b52a725be195d505dea01284474abc8a86d254d41c72f618cad32ae66e5dcf325dc008426ab0c544dd6780d28b887e4257b5cd7b312d0dbd3f48ad29c1109529ea3de1b32eaedc3bd544f395cae9c686d2293369b5ab826a3d7c06e8244b1b6d81a817ae21e505d1155a5a8b38eb2d8b46b67f337ef3ff340b3fa7e69be9bedac466ebbc91f3b22ce0b1eba185e8ae51a264cd90dec6df39612060b5e1f91898d14d807a2684d62adec49507dcabb159a333cf99ea07a404b778d5f37ca6aab76abc1053acb8dc28ff5e02a0e6def68573a2b21818708ac1cd0beb2dff4b6e6958723adeb0406c02937812bbddf0858ea5dc8cd5c9a2b1cedd306243901acb6b4b4e0c10c371c3da155948b775690be251ba24adf6980d29c9ac780dad28379a88aceabe4087d58f39968d63243956fd4ef329aeb889415577a9ed5046e31753aa5b35b4f9cd729d691abdf8cfdc459a4d472af472fc3dec7f64800d1f3fe202b7fcdbf12a1adf6e10268bf4e12e7c4a5abe7634693bcdecccd812014a7c75f2839dc4c775710c5c374760ac971d0f89600ad29b901f9ede02552ed2e74afde2aaeac3d5f10271cf64e740bcc886decc68f8e33985b897de67f75da30fea257f861fa89fcd9fc99fa2cd3f6e70e8e15385d880340210542c5df26fe263846c0ac77fc511bdc0f20f0111964ace928efd8c85f2041972e2c52e2cb65b2f62c1c7f912e5cdf10e6e4f6961003b2d5e38ac6054e2bcdfc780b081161c32dfb40014be52bf0c7cf3d9c63b2f61ff9056c22c3484c8375e1af1aaaae3414bd68f58aafcba97d8f0167ca4678e58313e4161f1326e1f73ca3aec66b1d1945840a2b34b297b1627bce8d1bc1e8f39aa0a582dd261ef3a7e3896be4fe58d6a75ff2c50db038fe582bcd24bf94868ca6a2eb34cb60db0973a41bd501cd017d25eaaec7e4df31b410ac69a0f017afab879d92b3855e52f99bf7b5ef79c7b0ecdd35891023c478aa50c07094a8e9a946929ae21bae2efaf6026c20be42fae2afbd899bbe3cfcce575d34d2f80d59bd51f80902f82641bb0f71353ac63b1d9a544ba09d22506203b5d0b2b63364fb0e3946d18e4dd794eed4229bc9f47e1312bd5c0e15f0121f55b0f27e61adf8a27cce3fddf20f898973631c6dc1ef09eac1842435b43936bc0057911dd7566279f40386f65be57ea94bd0ce77d70d53482c0b5a269eb2c114455c1f921cd3991002a85f10e30a98b29a8cb1f4b38ec610cdd69fca94645caefbcba4096b9058e59f5f01c8b914f2c9ea4a8ef07634622e220d75e3189125cd7a97d583c6252000d25f508bb41c5006080ddd85e86bad46146b186b6a3951e702b501a384a8ee00a39b958ad3cb06753c4633c0e92cd90a318e539149cd8d2a0a06e729aba7d0260bbac334001c051c17bde31d8cadfed7ff00273709d2bb5da19581afe58f7b8ebeaebede02eccb6aac51c5e4ae85fc426ebf84be63eecb8ecb8fb783880b728e72c00c26fe1346077b7e1b16eed35d09e856155c039aa8405fb954695abd5b285c5b7a6b935a6621816b5c5d33889b95457f6b38c5d9aec7ee05581d69380df96112dcd5a503c0556bc55af36726e7ae0de5d11dd263d7d8d4606a2faf8b1e23cec5840dec0cbc22a2e0cb5d7d25022b7b70e6d0c0060b72ac17300e8388a71b00ce0bde4b4032a9bd0f034bcaba1be384a617566f4393e978b2f6fd871caaff004adf1342328eb24cf38fede7e0377196ed0df8d1ee304b59c7ebfacf4c47654d1157dfab1e935ec163741e48d8f784692e715320916d12ca74c68d4650a1007406ea8f92c8de54c28ba5f28d6d59ad9ebfef8e76999f45c70d837dbe57f882e9c31e7139ba0e143c06a3bb44e994b1b451e9136cd9d797152e84762d4df301facbb0e0e23d4ac2e61ada39855f596171cd335b043998757eff00f2cf93ee601b38d0c4baaac2bca65706c47d1f01ab556bb2caa4e89538201fb3e26970a47635b2a0fd659ac80d48472d89a71324b78409bcb5d7c82336a3caa29a60cb0620ccf59f7ff92ae617ae1be4bc995868f486f0e1f70f80a14e59ee9e926556827f841971fd3c5896a38bbcd089926fc60f2e04b5ea5457934fcd5572e700643ba5869bc3873df0132bac79bc1ea6e37c416835ca177b2159e511d32350952e18730773ef97fe32fa594651a35d2471ef76e4c7e89a8f0114fbc9d16a9e825dc2bea59ec588c74807d7ab0cc5c65b64274cbca23040ef36040cc2f19a98e0280a375719be46a2c12238811c30ef6b11b25c4b61be5262803e646efc706e9c4373ab1a9571c0919b7790732c0d7bd68a8f042a40b6e5c652db80951777ef97b3172f68457903750b4b86ecf0157f25cae36b27a28bf40ab652c5c6c749f6f9b1ed0e3cac13278e2eb992881585d0717707774332b1661d3a8b8addb8a2199a10b8c32bc1bd8dee24e500df996782e928c30bf2d028dcb6070b77cd4e40b675aa77012dd57a84148f4bb50df992af0228aae8b6854e000e44a0d740cd4f62dd0e1d67ae7be1b48ab9b12e1f4410ef756f283e956a6f017ee7803a319a0557c0afd19ce81f49c48f583b14ebb1d87eae2cbe0dd60d178d3bf9cb0221a2ee97728f35d658aefa0bcd1a3a4bef6a2529596f135184b52221680ac34ba02f941810d68aab7118ce71a3a42d85290288e798a79ca44b0345d45c468c3c096454dec15f433d8ec189c3c24bd8ea3eacb5c735fa2fcc768cb1c737c7806a4b29e2f9da0b335f8198df077fdffe98dbfd659a4c614df1de92cd9a654758e0da756fb9dac261d39301bfd10be2111fccfc4b605942fa9fc780698ca155ed908a1d12256655f60da676b8db10dcb2da534622ae13acaecd9b16d6b129b88ddf0ef378b8b9a882b490de844bcd4943941421c76a71869b2c61684233ac6639d60f6078093b0c7d5d7ab1d7d25ffba3c9fd6392e29fe4db72ff00cd4638d84558b8602d42db1e01c969cdbfccc2c12715af97bfc0749cd861318a1f933f5ff861b1970ff90efc8d3f559e69970669ddb121add7808007075e3769ba59938fc3f3fe49da465c758690ff00824f5f20e803b9cb9f347b1844b1a5351be7d7c051b91d56ff0099ba15378bd013ed73ff002ebb47612b654ad8eca9518ea989839a1dbbe216e20f45460acdb6d4ddae4f80908d804e750749857e759abadef2b63fe4e331728840944c4c47fc3a23d2df228699ea161f89ec44b4638ad07f078082926aa73be7d23a43b18a8f3a9f9829e9611d361b186cddb2a1a6362b6676198e22a27483d2025da31d0fc64d7cb299e39ca1f52f808522908bc72426a88097983da63d4761230ff15374a810a6c7494cddb073199335beb0a8b6db7907bb3520563a65bc35cf4fdf80adcb54eff44dd30276a7217e22d397c23c46510946ca86651288690254a892b1289a451e4cd492b3c1c7eb5041909e618edb2156e9539d2fcf80953d75f9bf84df09ecb729cbe22b55b918b1b6e5ed331d86cbff000ec588b12aa0b1b701afb4a31a249a8d5ef0a9780c5a53566f28fe0f01b5ab9e103f370981f15f68e92abaae0c7549a4b4994b973920cb970712e0cb25e25c5097716865da4090d565a7d41bc68f799216bf416dbe7377e2f68a886c478e77e028006d2de36fd79c35973fbe212874948b09c31156e9388cc5a7de67832de0c2077e769d51e79782da75c79e7112a318b5e44b9761dfca32c2a952042a4e0fda601efc9ae9780b78062ee84faae506504037c7e2a96f73e44b77ae86707b486e03ca3a079d16381e6a09b90ee3cf272faf2dfa9fc438bb72bbfb6c035f21ce2274941d7b44dc44a5d5ae73ba7adc8d27d670972ec32074e5780dc48a296f5cb0d184608ea749fa94667f1a3faa87e9a7f1a7f327f127f127f3a7f2a7f2a7f0a7f2a7f2a2df8a7f223faa8a7e28974ce460692b26206a4260b129229c3dba3095dbc04c158635c2d3eb374494f4adb6fa8cd0754f989be86c42b7774be5993b9f3947f470ee3611e71210c17cc93fa383f698e3f731fd1c68fbb837fe5c0df4c6fbcb3060be65485b95d0fe615cae8310e8902ad19a2f7c268654257679a00f0115e5915ef1a3d487fe9d48542de49593d5ede02abad186eb4fc43ff4ea41bb532ecfdf80928c95e74ebdd86b140b688260df3963796235c75607bc8460cf3bb056e8ed392ed392ed2b85da7d04b717f8023bb846143ab03d73358c306f48acf0184a60171fdaf0117308a6ad9a22e851bb5c6431668571603af1508fbb4c1699d7f883d7ee7283fccc98771e037b1b126905d4be2681f4394d0bed7285da7f6e1393de9f6a89ea8fa709fd4cd3475712d7e872896b4fb7088b4d9d5f897e7d065c6eba305ad5eb183725b45d4c3c8425585ec195a327f113c04b3544592bc3a27ac4920121405b4b5e440f6e32d570bbc43e4cdc545542f53306572b491fb8f218f5b6c8263ca2bda3386be0b8f308e8622ac7a99dd506f89c58e87c4297907eb8d3e55f8e52c975fcc2b911b879865462fab7cd607303e630aecc949d465c90af314c74b9d508d2608dab670e09883605e0001d7742a822c1bd2deda797812dab7527f053f8e9fc74fe7a7f153f8a9fc54fe0a7f253f813f833f993f833f993f8bb340c5fc19fc54fe2a03a762721da5381da51c094703ff857ffd9),
(6, 'MUGLER', 567, 0xffd8ffe000104a46494600010100000100010000ffdb00840009060713121213121212161515171715151815161717171615171717171815151515181d2820181a251e151722312125292b2e2e2e171f3338332d37282d2e2b010a0a0a0e0d0e1b10101b2f251f252b2d2d2d2d2d2d372d2b2d2b2d352d2d2d2b2d2d2f2d2d372d382d2b2d2d2d2d2d352d2d2d2d2d2d2d2d2d2d2d2b2d372d2dffc000110800e100e103012200021101031101ffc4001b00010002030101000000000000000000000004050203060107ffc4004510000201020304060508080407000000000001020311042131051241511322617181910632a1b1c123425272d1d2e1f0071415628292a2c2335363b216244373b3e2f1ffc400190101010101010100000000000000000000000302010405ffc4002411010100010402020105000000000000000001020311213112413251610413224281ffda000c03010002110311003f00fb8800000000000000000000000159b776f61f074fa5c454508e8b57293e518acdb27622b2845c9e895d9f33db38058c9d4af5d6f38c64e8c1b6a30945374e765abba4f3cbcd92d4d4f1e1bc71dddbfa3fe93e1b1aa5d054bca0dc674e5170a9069d9a9c24934d3c8ba3e574f65a53863f0d054b1135d3d48c5b6aa4aafca5584b9e72693eee07d2365e3a35e942a474924fbbb061a9e57632c764c0015600000000000000000000000000000000000000000000000014de904b79469fd2777dcbf2fc8e671b06d4d2e1197b133a4c767566fe8c52f3b7dace2bd28c64e0a1084dc1d59495d5af2518ddc55d3cecef96768b3c5abcd5f4fa596ca4d420bf757b117bb03e4ea4e9fcd97ca4572bdeebcd4bd872de8757738ce1296f3a6e3adaf1525945eef1caff00c4bbdf594a9da74e5debdabf139a73aaee7f4be0788f4f73ce0000000000000000000000000000000000000000000003c206376c51a4ed39a5a67c15efab792d19cb949d926e8b8b5d6aafeafb8f937e9768efd3c2413b5ebcb35aab53bdcfa8c768d3a952b538b7bdbbbda6564d279f3cd799f37fd277f89805feb557fd115fdc79ae5cef3f2b49e9bbf43d81e896329b7bd6ad0777abbd34f33ea128650ef382fd1bc3e5b1ff00f768ff00e18dcecf6a6d5a545c2336d36a52596568daf77c353b2f1bd72ce768be056d0db5466f754d5f8e69d9e4ed2b68ecd3b3e68b14cf44ca5e93b367a003ae00000000000000000000000000000000001855a8a2aec0cc81b5b6b53c3c37ea3b2bd92576db7c12599ed5ab29c5d934ad6c9da59e5967977dce6b17b2d4e71956a966d5a34d3526f5ba8bd5be6f8db898cb2b3a6a4fb7989db6f191e8a8cb753dede92de8a518db796fdb9ca373661b0168429cd4ab352bf4924b2cdb576f2b2bdb257e365a13b034a1461bd3eab7f36f7dd5aa8e5c16f2bf0bb5ae447c4e37a576837bab5b72e4f870ede3a10de4e72edbfc456c6a2a58f8c125bb569ce3759f594a4d256d2f78bf048938fd8d4712e31ad0de5196fc7371719453b38ca2d35f1e37242c341eed59c16faa8a3a7aaa4d28b5fc4a39f2f6c9a2be563df6398cd9addeecbd974a839469414539393d5b93d2f293ce4ec92cde892d122976be223571ce8c927185271cf8ca765badff0015fccea692cdf7b216d0c2c5c6538c52937bbbd6bdf75c9fbdcbf999acf1de332f2872a2d3928d1b2f5a3521b928b76566964f2b2f5b2cad74b355386c5d7c0b8f4955d55537aede69c93bdd472dd6facacddf2ec26d1c454a12bb77837c744dbe6b47debc4b7af4a189a32dc693cd5dabeecad64daf15ec7c13392ccbae2bbd77d23fa3de9ae1716f76152d3fa2d495feab92577d874a7cf7687a3349cba93fd5e7772b251b37abdc72593bbcecd6799d36c8a95a10dda9badc72bef6524b8acae9ebaf15e2570cefb632c67a5e03461b12a6aebf3da9ac9a37956000000000000000000000000000002bb6cd6718c1a57bd48a97d577bbf716246c5c6f6e49dfd9c4ce5d3b3b41861dcd6f39359b7d576bf7be5c2c54fa370751b9cb3dceac5689657f55657b3d4bee915a515aacb476bf7f22b7035e9e1d746f36ef376bb4af92cf9bddb25c6d95ecc9d9cc6b7e10b6bee6feeb4e4d5e56bbcdb6ed74b559e9a66cdd85c3c60ad18a8a576d2492bf17914db7f1335383553763d2c1dd2ce4b24f5e16935d976f816f1af1f56eaed3695f3695aed2d5a575e688cb2daa6dc265349d3aa9f18b979677479974906b46e2fcecfe2216b5b9a6bc1e4c83b1ebb938a92778b8acf95d2b2e76b5ae6edea331791764df24dfbd9aab4938534b92979a22edcad28d35bb7bbbac9763567caf736529a925dcad9704ac8defe9cd9854c3466a509c54a32567179a7e057e09469cdd35d4cf71db4b7cd76e1adf2e6cb897067333c44ff5eab155138de95e2d7ab14a2db4ff0089e7c6f6b644b39b6d5ac79e1d16d9c36f6ebe0aede6d6693b64b577b793222c029469d45271926f2d62f36b38f3b71ec5c89d5768c256a76779371574d26ecdd9be0ecafcf3145a8c14669ab4b2b2cb3e2df0f12bb4df7637e1af61b92a9522f4518dbb2ee4d2f27ec2f0898369e6acd735a7e24b4531e2334001a700000000000000000000000011368ce6a0f71a8cb45292de4b965747cdbd20d8bb4ab6f6eed2845f08ca86eaee7273925e113ea5520a49a79a7934707e98d4c4e1232ab0a70af479caac68d4a7d8e734e33e16babf6bd09e72f6d62e1f0bb536e6cb56ad86fd6687d3a094925cd2a695a3df18f7a3a6f41bd30c2e2abceac714a32a91846586a91719c5c37ef2e91b6a49ef455b45b9cdb6e8f01fa44a766ea42549f054aaceac9f7f474ad1f366ac5fa4b81c44954ab82a95269a6aa2c34fa556cd5aa423093fe26d67a13f3dbd37e2fa57ea2eaf493a94938b95e9c55949c524f79e76bb776965da46abb11baaabc24db8c77375f26f79e5c1dfdc73fb1fd30a34e2a14218a846f942b61abca0afada518bdd5c6c95b2d352eebedfa339f4b4f12e9cdc12dc74de4b58aab16afbc9b968d2ced9dae66f8dedd9e513767b9caaeeb8d928a777add548b6bc9333a785dda9192bfaee2f37649393565a2e0566176f3bb956c541ab7fd3c3d453d735bd795d6ba45113617a490c562aa2a33f9384947ad1946737d1a96f28c92695e5cb34af7cf35b0e5d263e9294e174ee9c62b5b67d6775a3fc11ab1b39ac46eeef53a26effbcea64addc994fb63d258e1f190a759374e729a5284673953718a579461179394e2afda3687a40db53c3e222d6ea5d6a0dcaf77f39ca3959acb775be7c176651cdaaf7a07bea6e4edbae2a39d9b766e565ab565c32cf9b31a9845d1d66a2a151a72bf57396ef55c9cbc3576d4a6d9fb769424eb54af56ad4dcdddc54b2e6f7142174db51f5a4f4e054ed4f4d29c938d5c1e2ab27f3561e5d1acb4eb2ebafac9f86493cb186d6ad76ee2a15e3074e552a2a6d54b53708c379466baf5e6d4147af7ca57bc15b468e3b110db58e7284634b0b41371dfa89c9c92766e1094779a7c37a293e12e26eabfa4269ab602bc12d2f4a792e4af1eaf85912e87a7d4e493951c445f6d2acfc9eedbcda33e72d77c6b2d89e82e2e9b4ff69d772caee318453eccdb6fc4fa46c8a55611dcab57a56add76a2a5dcf7524fc8e7bd18db6f17bd1a307051f5a551a73b3d3760af6593cefc34e275d4a9a8ab22d84f6c655b00055800000000000000000000000078ce7b6861a356b3e916f28e514dbdd592bf574bdf89d11409dea49fef4bfdcc86bde24534fb51ed7c2c29d5a7184231ba93768abe56b6762c30eddb5642db4ef8882e51f7b26e1cf9f7e55e9feab0c3106a2bca5f5a5ef65861752bd66e5defde5353e318c7b651a7936ad7e1dfc0e3f64bdcdb38b82c94e950ac973579a6ff00a923b2a73b1c662a1d1edbc24ffcec2d6a1e34aa748bfa774ce94df2772df64fa09cf6b545aaa74e327f5aa4ab2b79538799daa8ae48e3bd178efe336856e1d3f42b97c8d2a5176ecde94fda7651292499566de11e4be5216e52f718e26f7e26555fcac3c7dccf31287aa2baac119ecac341a95e316d3b688c310ccb62cfd75da4b1dbc9bbd33a783a70af0a91828cae96f2c9b4dd9a76d55b833a839caeecd3ed4fc8e891ecfd37b886afa7a003d49000000000000000000000000073f86cddf9e7e799795e568b7c937ec2930b1f71e6d7ee2ba7ed47b55ffccf7457bd93f0ccacda0ef889782f6161836787fb57a3d2df0a5640b3c36855d35914d5ea31876c673b159b4366c6bd4a126da953a8ed28bb34aa41c6567c3fc3867f69635919e0295e6aff00969a6bdd6f121272a546f46f08a9518257bc939c9bd6529c9c9c9b7ab6b74bea3221aa7baecb4564bba2acbdc6fa6cae1c31797959fca43bfe0cd98934cdf5e1de6dc4949d5655589679b15f5a6bb17c4624c7633f947ddf1233e4dde9658a45f537749f622971312db04fa90faabdc7b3f4fc65621a9d46f001eb480000000000000000000000011f1cfe4e7f55af3562af0eb52c7693f937df1ff722050591e6d5f94530e9cbe2b3af51f6fc0b1c215d2cea4dfef3f7963843c78ce5e8b785cd0f55f73f715912c61eacbeabf715b266f5ba8ce0f246fc34ac4393328b212a9539ccca2c8f4c911453161e4fd687d65ef37e20d13d63debde8915ca63ed9aa7c518ecbcaaaee66cc4235e032a91fcf0273e4d7a5d578e44fd9afe4e3e3ef643aab224ecb7d4ee6fedf89ecd39b67fe239fc534007a5200000000000000000000000042da8fa89736be2fe044a7eaf99236abca3dedfb1af891e5941f71e6cfe6ae3d396a6b393ed7ef2c3064186489f80d4f2e33956d5ba5d49773f715f28966e3d57dc42dc37ab388ce1506703d85bb7c99be707c04612fa3ed21e2aeef69357e3e4c95146ba707c57b7f0242895c314ed6aa8b4ef5ef2456461381beb44acc59b54d888e669c37af1ef24e332645a2f35de4ace5bdf87432591b3663ca4bb6fecfc0c781eecf7d69787c7ed3d78fca237a4f00174c00000000000000000000000157b5e59c1764bfb6c44c6d5b53b7346ddaefe512e514fcdcbec2b67594e32b7cdcafcd2b5dfb7d87973bfcaad8ce22aea4f44c9fb31f591a7a25356f2ec66fc050953938cb55f94c849cb77a5ecbd57e1ef446dd3384f2fcf330de2b9c6316aab07676bdf85b509cb8465e2a1f791211b228c786edf923d1def9d1b76dd3f61bd23371091bc71d98b5e49646ca8cc27a1aeac8db8aeda59321d1d7227e268ba964bc5f246a7151eaacf3f3ed25672dc5bd3a9789ee05f5df77c515d531bbb28c385acfb1f064ec1bebaf15ecbfc0b637989d9c2d4007a13000000000000000000000000737b6e4fa569724bbb8b7fd5ed453e125bb3b3793cbb3967d99b2f76c5a9cf7e5a4ac93cf54bd5efb2bf6f81455251de67cfd5bb66f4e137c56d82c3c62efdba72ef2c3a377bd8d185c0c674e12bb4edaaf6779ecb0b5a3eacd4bbcae3369d316b29d7e0f2cc8cf119ea45c742aeae9bbdb58aded34cb9eb994b275dfcda9e34e5f61ccf2fc3b8c7594aa9214ce369cf14b83f184fee9269e2b15cbfa27f74ccd4fc171755d21e74a8e7235b14f92fe09fdd0e9e29eb3f284bee9bf3fc39e2e8a75973342c4ddd93b9471c2557eb4ab3fab04bdb265943055149b8eeabdbbecb4bd96a3cadf4e6d13bc882e2a53cb37c6dc0934f02dfaf36fb1644aa74231568a4bb8d5c6dec9767335336cb4d955bad04f83b7869f9f02aeacd5ddbcc9fb1a8b94e2d7cd6a4df2b3d3c743cfa795f25329c3a9001f45e600000000000000000000000047c66163560e13578bf3ec69f069e77387c761254a6e9cfbe32e128f35dbcd70f267d0081b5b6746b4375e5259c65f45fd8f8afc086be979ce3b534f3f1aadd8737d12ef7f02cba42b36453694a325671959ae4ec89f639a5bf84dccbb6d84af73db9a6949e791eb91471b2e2e6bde3cde39b8d9717ed35ef0de0361a6a4acccd1aab41dd3ec032750d189a9d597733d66aaf06e364aede49733395e1d9da929e1e5526a11576fc976be4bf3d876380c1aa50515e2f9be66ad998054a3c379facfe0bb09e73434bc26f7b33cfcba0007a13000000000000000000000000000045c551f9cb55aae6bedfcf6aafc7e3553a6e7abd22b9cb82fb7b997440c46ca84e6a72bb693eafcdcf57bbcf25993cf1bb7f16b1b37e5cb61b6cca292576f8b77cdf17d99f037c76ecf8c4e8decc87d187f2fe260f6547947f97ff621fb5ab3da9e587d28ff006ebfa099e7fc42ff00cb2e5ec58f35fcafef183d851e6bca5f78786b7d9e582a57a41fe99efedd6fe6969fb063f4bd92fbc66b62479af14dff0070f0d637c1472db95391aa7b6a793e29a7ff00dece074d1d9715c21fc9f8997ecc8f287f27e23f6b56fb3cf1fa46a35a3520a71d1f0e29f14c9b84c35b37afbbb0c70bb3a34e4e49ebf35651cb476e64d2f86376e53b7e80014640000000000000000000000000000000000000000000000000000000000000000000000000001fffd9);

-- --------------------------------------------------------

--
-- Structure de la table `orderitems`
--

CREATE TABLE `orderitems` (
  `id` int(11) NOT NULL,
  `order_id` int(11) NOT NULL,
  `article_id` int(11) NOT NULL,
  `created_date` datetime NOT NULL
) ENGINE=InnoDB DEFAULT CHARSET=utf8mb4;

--
-- Déchargement des données de la table `orderitems`
--

INSERT INTO `orderitems` (`id`, `order_id`, `article_id`, `created_date`) VALUES
(1, 1, 1, '2023-01-03 19:07:48'),
(2, 1, 2, '2023-01-03 19:09:16'),
(3, 5, 1, '2023-01-05 20:44:04'),
(26, 125, 5, '2023-01-11 22:06:47'),
(27, 125, 5, '2023-01-11 22:06:47'),
(28, 126, 5, '2023-01-11 22:08:44'),
(29, 126, 5, '2023-01-11 22:08:44'),
(30, 127, 2, '2023-01-11 22:10:15'),
(31, 127, 1, '2023-01-11 22:10:15'),
(32, 127, 3, '2023-01-11 22:12:29'),
(33, 128, 2, '2023-01-11 22:12:29'),
(34, 129, 1, '2023-01-12 00:12:06'),
(35, 130, 5, '2023-01-12 00:12:33'),
(36, 130, 3, '2023-01-12 00:12:33'),
(37, 130, 2, '2023-01-12 00:12:33'),
(38, 130, 5, '2023-01-12 00:12:52'),
(39, 132, 5, '2023-01-12 00:13:07'),
(40, 133, 3, '2023-01-12 00:13:12'),
(41, 134, 2, '2023-01-12 00:13:19'),
(42, 135, 1, '2023-01-12 00:13:28'),
(43, 136, 1, '2023-01-12 00:13:36'),
(44, 136, 2, '2023-01-12 00:13:42'),
(45, 137, 2, '2023-01-12 00:13:49'),
(46, 141, 5, '2023-01-12 01:01:54');

-- --------------------------------------------------------

--
-- Structure de la table `orders`
--

CREATE TABLE `orders` (
  `id` int(11) NOT NULL,
  `reference` varchar(30) NOT NULL,
  `created_date` datetime NOT NULL
) ENGINE=InnoDB DEFAULT CHARSET=utf8mb4;

--
-- Déchargement des données de la table `orders`
--

INSERT INTO `orders` (`id`, `reference`, `created_date`) VALUES
(1, 'abc123try', '2023-01-03 19:07:48'),
(5, 'gthhhyy', '2023-01-01 19:07:48'),
(125, 'fPLQ2QdbVTEcT8IbSJ9A', '2023-01-11 22:06:47'),
(126, '7upbgklNhy6SL4PlDDWC', '2023-01-11 22:08:44'),
(127, 'M35HQMKF66ArNcnvqmrB', '2023-01-11 22:10:15'),
(128, 'F5jkQIRMn8pkOkti0qE8', '2023-01-11 22:12:29'),
(129, 'MgBElnhzEOCnbPGxJQiG', '2023-01-12 00:12:05'),
(130, 'KEDGJWRetn7kcgBX6UQz', '2023-01-12 00:12:32'),
(132, 'qaBczaS3WQQoAh6Bf4oo', '2023-01-12 00:13:07'),
(133, 'J78Ek0YNFF2pseiTPxHP', '2023-01-12 00:13:12'),
(134, 'TMk1QYoatiPU7SFO4o1Z', '2023-01-12 00:13:19'),
(135, 'F1QNn3DV0fHQTiZnCGdX', '2023-01-12 00:13:26'),
(136, 'C79ddTALVWrh1KoX5cDK', '2023-01-12 00:13:36'),
(137, 'yuo6HRIrGXL4kS6Rn9G5', '2023-01-12 00:13:41'),
(141, 'XC6VGYYpcXYJEAJTQb9F', '2023-01-12 01:01:51');

--
-- Index pour les tables déchargées
--

--
-- Index pour la table `articles`
--
ALTER TABLE `articles`
  ADD PRIMARY KEY (`id`);

--
-- Index pour la table `orderitems`
--
ALTER TABLE `orderitems`
  ADD PRIMARY KEY (`id`),
  ADD KEY `article_id` (`article_id`),
  ADD KEY `order_id` (`order_id`);

--
-- Index pour la table `orders`
--
ALTER TABLE `orders`
  ADD PRIMARY KEY (`id`);

--
-- AUTO_INCREMENT pour les tables déchargées
--

--
-- AUTO_INCREMENT pour la table `articles`
--
ALTER TABLE `articles`
  MODIFY `id` int(11) NOT NULL AUTO_INCREMENT, AUTO_INCREMENT=7;

--
-- AUTO_INCREMENT pour la table `orderitems`
--
ALTER TABLE `orderitems`
  MODIFY `id` int(11) NOT NULL AUTO_INCREMENT, AUTO_INCREMENT=47;

--
-- AUTO_INCREMENT pour la table `orders`
--
ALTER TABLE `orders`
  MODIFY `id` int(11) NOT NULL AUTO_INCREMENT, AUTO_INCREMENT=142;

--
-- Contraintes pour les tables déchargées
--

--
-- Contraintes pour la table `orderitems`
--
ALTER TABLE `orderitems`
  ADD CONSTRAINT `orderitems_ibfk_1` FOREIGN KEY (`article_id`) REFERENCES `articles` (`id`) ON DELETE NO ACTION ON UPDATE NO ACTION,
  ADD CONSTRAINT `orderitems_ibfk_2` FOREIGN KEY (`order_id`) REFERENCES `orders` (`id`) ON DELETE NO ACTION ON UPDATE NO ACTION;
COMMIT;

/*!40101 SET CHARACTER_SET_CLIENT=@OLD_CHARACTER_SET_CLIENT */;
/*!40101 SET CHARACTER_SET_RESULTS=@OLD_CHARACTER_SET_RESULTS */;
/*!40101 SET COLLATION_CONNECTION=@OLD_COLLATION_CONNECTION */;
